0.85 ,1,-180.000,-9.463
0.85 ,2,-178.000,-9.579
0.85 ,3,-176.000,-9.784
0.85 ,4,-174.000,-10.074
0.85 ,5,-172.000,-10.440
0.85 ,6,-170.000,-10.868
0.85 ,7,-168.000,-11.336
0.85 ,8,-166.000,-11.809
0.85 ,9,-164.000,-12.239
0.85 ,10,-162.000,-12.569
0.85 ,11,-160.000,-12.744
0.85 ,12,-158.000,-12.735
0.85 ,13,-156.000,-12.550
0.85 ,14,-154.000,-12.233
0.85 ,15,-152.000,-11.848
0.85 ,16,-150.000,-11.457
0.85 ,17,-148.000,-11.110
0.85 ,18,-146.000,-10.848
0.85 ,19,-144.000,-10.697
0.85 ,20,-142.000,-10.678
0.85 ,21,-140.000,-10.810
0.85 ,22,-138.000,-11.110
0.85 ,23,-136.000,-11.597
0.85 ,24,-134.000,-12.298
0.85 ,25,-132.000,-13.243
0.85 ,26,-130.000,-14.477
0.85 ,27,-128.000,-16.059
0.85 ,28,-126.000,-18.060
0.85 ,29,-124.000,-20.505
0.85 ,30,-122.000,-23.063
0.85 ,31,-120.000,-24.271
0.85 ,32,-118.000,-23.057
0.85 ,33,-116.000,-21.017
0.85 ,34,-114.000,-19.275
0.85 ,35,-112.000,-18.020
0.85 ,36,-110.000,-17.216
0.85 ,37,-108.000,-16.814
0.85 ,38,-106.000,-16.785
0.85 ,39,-104.000,-17.127
0.85 ,40,-102.000,-17.869
0.85 ,41,-100.000,-19.083
0.85 ,42,-98.000,-20.924
0.85 ,43,-96.000,-23.737
0.85 ,44,-94.000,-28.516
0.85 ,45,-92.000,-41.481
0.85 ,46,-90.000,-33.418
0.85 ,47,-88.000,-25.915
0.85 ,48,-86.000,-22.087
0.85 ,49,-84.000,-19.600
0.85 ,50,-82.000,-17.835
0.85 ,51,-80.000,-16.533
0.85 ,52,-78.000,-15.555
0.85 ,53,-76.000,-14.818
0.85 ,54,-74.000,-14.265
0.85 ,55,-72.000,-13.854
0.85 ,56,-70.000,-13.551
0.85 ,57,-68.000,-13.325
0.85 ,58,-66.000,-13.148
0.85 ,59,-64.000,-12.990
0.85 ,60,-62.000,-12.822
0.85 ,61,-60.000,-12.618
0.85 ,62,-58.000,-12.356
0.85 ,63,-56.000,-12.023
0.85 ,64,-54.000,-11.617
0.85 ,65,-52.000,-11.147
0.85 ,66,-50.000,-10.628
0.85 ,67,-48.000,-10.079
0.85 ,68,-46.000,-9.519
0.85 ,69,-44.000,-8.963
0.85 ,70,-42.000,-8.423
0.85 ,71,-40.000,-7.907
0.85 ,72,-38.000,-7.418
0.85 ,73,-36.000,-6.958
0.85 ,74,-34.000,-6.528
0.85 ,75,-32.000,-6.125
0.85 ,76,-30.000,-5.749
0.85 ,77,-28.000,-5.397
0.85 ,78,-26.000,-5.066
0.85 ,79,-24.000,-4.754
0.85 ,80,-22.000,-4.460
0.85 ,81,-20.000,-4.183
0.85 ,82,-18.000,-3.922
0.85 ,83,-16.000,-3.678
0.85 ,84,-14.000,-3.450
0.85 ,85,-12.000,-3.240
0.85 ,86,-10.000,-3.049
0.85 ,87,-8.000,-2.878
0.85 ,88,-6.000,-2.726
0.85 ,89,-4.000,-2.597
0.85 ,90,-2.000,-2.489
0.85 ,91,0.000,-2.403
0.85 ,92,2.000,-2.339
0.85 ,93,4.000,-2.296
0.85 ,94,6.000,-2.275
0.85 ,95,8.000,-2.274
0.85 ,96,10.000,-2.292
0.85 ,97,12.000,-2.328
0.85 ,98,14.000,-2.382
0.85 ,99,16.000,-2.452
0.85 ,100,18.000,-2.538
0.85 ,101,20.000,-2.639
0.85 ,102,22.000,-2.757
0.85 ,103,24.000,-2.890
0.85 ,104,26.000,-3.040
0.85 ,105,28.000,-3.210
0.85 ,106,30.000,-3.400
0.85 ,107,32.000,-3.612
0.85 ,108,34.000,-3.849
0.85 ,109,36.000,-4.111
0.85 ,110,38.000,-4.400
0.85 ,111,40.000,-4.712
0.85 ,112,42.000,-5.045
0.85 ,113,44.000,-5.392
0.85 ,114,46.000,-5.746
0.85 ,115,48.000,-6.095
0.85 ,116,50.000,-6.430
0.85 ,117,52.000,-6.742
0.85 ,118,54.000,-7.025
0.85 ,119,56.000,-7.283
0.85 ,120,58.000,-7.525
0.85 ,121,60.000,-7.770
0.85 ,122,62.000,-8.041
0.85 ,123,64.000,-8.366
0.85 ,124,66.000,-8.775
0.85 ,125,68.000,-9.300
0.85 ,126,70.000,-9.978
0.85 ,127,72.000,-10.849
0.85 ,128,74.000,-11.969
0.85 ,129,76.000,-13.417
0.85 ,130,78.000,-15.319
0.85 ,131,80.000,-17.909
0.85 ,132,82.000,-21.693
0.85 ,133,84.000,-27.945
0.85 ,134,86.000,-31.469
0.85 ,135,88.000,-24.351
0.85 ,136,90.000,-20.145
0.85 ,137,92.000,-17.540
0.85 ,138,94.000,-15.801
0.85 ,139,96.000,-14.622
0.85 ,140,98.000,-13.849
0.85 ,141,100.000,-13.398
0.85 ,142,102.000,-13.215
0.85 ,143,104.000,-13.262
0.85 ,144,106.000,-13.507
0.85 ,145,108.000,-13.907
0.85 ,146,110.000,-14.403
0.85 ,147,112.000,-14.899
0.85 ,148,114.000,-15.262
0.85 ,149,116.000,-15.352
0.85 ,150,118.000,-15.099
0.85 ,151,120.000,-14.550
0.85 ,152,122.000,-13.832
0.85 ,153,124.000,-13.075
0.85 ,154,126.000,-12.371
0.85 ,155,128.000,-11.773
0.85 ,156,130.000,-11.308
0.85 ,157,132.000,-10.989
0.85 ,158,134.000,-10.818
0.85 ,159,136.000,-10.796
0.85 ,160,138.000,-10.922
0.85 ,161,140.000,-11.190
0.85 ,162,142.000,-11.595
0.85 ,163,144.000,-12.119
0.85 ,164,146.000,-12.736
0.85 ,165,148.000,-13.395
0.85 ,166,150.000,-14.013
0.85 ,167,152.000,-14.474
0.85 ,168,154.000,-14.663
0.85 ,169,156.000,-14.518
0.85 ,170,158.000,-14.075
0.85 ,171,160.000,-13.440
0.85 ,172,162.000,-12.726
0.85 ,173,164.000,-12.017
0.85 ,174,166.000,-11.366
0.85 ,175,168.000,-10.798
0.85 ,176,170.000,-10.326
0.85 ,177,172.000,-9.955
0.85 ,178,174.000,-9.684
0.85 ,179,176.000,-9.514
0.85 ,180,178.000,-9.441
0.85 ,181,180.000,-9.463
0.88 ,1,-180.000,-10.589
0.88 ,2,-178.000,-10.560
0.88 ,3,-176.000,-10.599
0.88 ,4,-174.000,-10.695
0.88 ,5,-172.000,-10.837
0.88 ,6,-170.000,-11.013
0.88 ,7,-168.000,-11.212
0.88 ,8,-166.000,-11.417
0.88 ,9,-164.000,-11.613
0.88 ,10,-162.000,-11.777
0.88 ,11,-160.000,-11.890
0.88 ,12,-158.000,-11.932
0.88 ,13,-156.000,-11.893
0.88 ,14,-154.000,-11.775
0.88 ,15,-152.000,-11.594
0.88 ,16,-150.000,-11.376
0.88 ,17,-148.000,-11.155
0.88 ,18,-146.000,-10.965
0.88 ,19,-144.000,-10.835
0.88 ,20,-142.000,-10.793
0.88 ,21,-140.000,-10.859
0.88 ,22,-138.000,-11.051
0.88 ,23,-136.000,-11.383
0.88 ,24,-134.000,-11.869
0.88 ,25,-132.000,-12.517
0.88 ,26,-130.000,-13.332
0.88 ,27,-128.000,-14.305
0.88 ,28,-126.000,-15.400
0.88 ,29,-124.000,-16.515
0.88 ,30,-122.000,-17.458
0.88 ,31,-120.000,-17.969
0.88 ,32,-118.000,-17.904
0.88 ,33,-116.000,-17.382
0.88 ,34,-114.000,-16.671
0.88 ,35,-112.000,-15.992
0.88 ,36,-110.000,-15.471
0.88 ,37,-108.000,-15.172
0.88 ,38,-106.000,-15.127
0.88 ,39,-104.000,-15.365
0.88 ,40,-102.000,-15.919
0.88 ,41,-100.000,-16.844
0.88 ,42,-98.000,-18.231
0.88 ,43,-96.000,-20.250
0.88 ,44,-94.000,-23.247
0.88 ,45,-92.000,-27.966
0.88 ,46,-90.000,-33.092
0.88 ,47,-88.000,-27.946
0.88 ,48,-86.000,-23.133
0.88 ,49,-84.000,-20.017
0.88 ,50,-82.000,-17.834
0.88 ,51,-80.000,-16.219
0.88 ,52,-78.000,-14.986
0.88 ,53,-76.000,-14.025
0.88 ,54,-74.000,-13.263
0.88 ,55,-72.000,-12.650
0.88 ,56,-70.000,-12.146
0.88 ,57,-68.000,-11.717
0.88 ,58,-66.000,-11.333
0.88 ,59,-64.000,-10.967
0.88 ,60,-62.000,-10.597
0.88 ,61,-60.000,-10.204
0.88 ,62,-58.000,-9.780
0.88 ,63,-56.000,-9.322
0.88 ,64,-54.000,-8.837
0.88 ,65,-52.000,-8.335
0.88 ,66,-50.000,-7.830
0.88 ,67,-48.000,-7.333
0.88 ,68,-46.000,-6.854
0.88 ,69,-44.000,-6.401
0.88 ,70,-42.000,-5.975
0.88 ,71,-40.000,-5.579
0.88 ,72,-38.000,-5.210
0.88 ,73,-36.000,-4.867
0.88 ,74,-34.000,-4.547
0.88 ,75,-32.000,-4.246
0.88 ,76,-30.000,-3.963
0.88 ,77,-28.000,-3.695
0.88 ,78,-26.000,-3.441
0.88 ,79,-24.000,-3.202
0.88 ,80,-22.000,-2.977
0.88 ,81,-20.000,-2.767
0.88 ,82,-18.000,-2.573
0.88 ,83,-16.000,-2.398
0.88 ,84,-14.000,-2.241
0.88 ,85,-12.000,-2.103
0.88 ,86,-10.000,-1.986
0.88 ,87,-8.000,-1.889
0.88 ,88,-6.000,-1.813
0.88 ,89,-4.000,-1.756
0.88 ,90,-2.000,-1.720
0.88 ,91,0.000,-1.702
0.88 ,92,2.000,-1.701
0.88 ,93,4.000,-1.718
0.88 ,94,6.000,-1.750
0.88 ,95,8.000,-1.796
0.88 ,96,10.000,-1.857
0.88 ,97,12.000,-1.931
0.88 ,98,14.000,-2.017
0.88 ,99,16.000,-2.115
0.88 ,100,18.000,-2.224
0.88 ,101,20.000,-2.345
0.88 ,102,22.000,-2.477
0.88 ,103,24.000,-2.622
0.88 ,104,26.000,-2.782
0.88 ,105,28.000,-2.958
0.88 ,106,30.000,-3.155
0.88 ,107,32.000,-3.377
0.88 ,108,34.000,-3.627
0.88 ,109,36.000,-3.913
0.88 ,110,38.000,-4.239
0.88 ,111,40.000,-4.609
0.88 ,112,42.000,-5.029
0.88 ,113,44.000,-5.500
0.88 ,114,46.000,-6.020
0.88 ,115,48.000,-6.585
0.88 ,116,50.000,-7.183
0.88 ,117,52.000,-7.799
0.88 ,118,54.000,-8.412
0.88 ,119,56.000,-8.997
0.88 ,120,58.000,-9.532
0.88 ,121,60.000,-10.005
0.88 ,122,62.000,-10.419
0.88 ,123,64.000,-10.793
0.88 ,124,66.000,-11.162
0.88 ,125,68.000,-11.568
0.88 ,126,70.000,-12.056
0.88 ,127,72.000,-12.674
0.88 ,128,74.000,-13.471
0.88 ,129,76.000,-14.500
0.88 ,130,78.000,-15.826
0.88 ,131,80.000,-17.530
0.88 ,132,82.000,-19.701
0.88 ,133,84.000,-22.330
0.88 ,134,86.000,-24.726
0.88 ,135,88.000,-24.853
0.88 ,136,90.000,-22.801
0.88 ,137,92.000,-20.588
0.88 ,138,94.000,-18.859
0.88 ,139,96.000,-17.622
0.88 ,140,98.000,-16.799
0.88 ,141,100.000,-16.325
0.88 ,142,102.000,-16.156
0.88 ,143,104.000,-16.265
0.88 ,144,106.000,-16.634
0.88 ,145,108.000,-17.246
0.88 ,146,110.000,-18.067
0.88 ,147,112.000,-19.010
0.88 ,148,114.000,-19.865
0.88 ,149,116.000,-20.268
0.88 ,150,118.000,-19.908
0.88 ,151,120.000,-18.870
0.88 ,152,122.000,-17.528
0.88 ,153,124.000,-16.187
0.88 ,154,126.000,-14.991
0.88 ,155,128.000,-13.988
0.88 ,156,130.000,-13.186
0.88 ,157,132.000,-12.578
0.88 ,158,134.000,-12.155
0.88 ,159,136.000,-11.907
0.88 ,160,138.000,-11.827
0.88 ,161,140.000,-11.910
0.88 ,162,142.000,-12.152
0.88 ,163,144.000,-12.550
0.88 ,164,146.000,-13.102
0.88 ,165,148.000,-13.796
0.88 ,166,150.000,-14.604
0.88 ,167,152.000,-15.458
0.88 ,168,154.000,-16.230
0.88 ,169,156.000,-16.721
0.88 ,170,158.000,-16.749
0.88 ,171,160.000,-16.289
0.88 ,172,162.000,-15.495
0.88 ,173,164.000,-14.573
0.88 ,174,166.000,-13.670
0.88 ,175,168.000,-12.863
0.88 ,176,170.000,-12.181
0.88 ,177,172.000,-11.631
0.88 ,178,174.000,-11.207
0.88 ,179,176.000,-10.901
0.88 ,180,178.000,-10.699
0.88 ,181,180.000,-10.589
0.90 ,1,-180.000,-10.767
0.90 ,2,-178.000,-10.769
0.90 ,3,-176.000,-10.858
0.90 ,4,-174.000,-11.029
0.90 ,5,-172.000,-11.279
0.90 ,6,-170.000,-11.600
0.90 ,7,-168.000,-11.982
0.90 ,8,-166.000,-12.407
0.90 ,9,-164.000,-12.848
0.90 ,10,-162.000,-13.264
0.90 ,11,-160.000,-13.608
0.90 ,12,-158.000,-13.828
0.90 ,13,-156.000,-13.888
0.90 ,14,-154.000,-13.783
0.90 ,15,-152.000,-13.543
0.90 ,16,-150.000,-13.220
0.90 ,17,-148.000,-12.872
0.90 ,18,-146.000,-12.550
0.90 ,19,-144.000,-12.293
0.90 ,20,-142.000,-12.132
0.90 ,21,-140.000,-12.089
0.90 ,22,-138.000,-12.180
0.90 ,23,-136.000,-12.423
0.90 ,24,-134.000,-12.834
0.90 ,25,-132.000,-13.432
0.90 ,26,-130.000,-14.242
0.90 ,27,-128.000,-15.292
0.90 ,28,-126.000,-16.616
0.90 ,29,-124.000,-18.240
0.90 ,30,-122.000,-20.137
0.90 ,31,-120.000,-22.074
0.90 ,32,-118.000,-23.332
0.90 ,33,-116.000,-23.113
0.90 ,34,-114.000,-21.811
0.90 ,35,-112.000,-20.323
0.90 ,36,-110.000,-19.067
0.90 ,37,-108.000,-18.136
0.90 ,38,-106.000,-17.528
0.90 ,39,-104.000,-17.228
0.90 ,40,-102.000,-17.231
0.90 ,41,-100.000,-17.550
0.90 ,42,-98.000,-18.221
0.90 ,43,-96.000,-19.318
0.90 ,44,-94.000,-20.988
0.90 ,45,-92.000,-23.544
0.90 ,46,-90.000,-27.816
0.90 ,47,-88.000,-37.621
0.90 ,48,-86.000,-34.621
0.90 ,49,-84.000,-26.327
0.90 ,50,-82.000,-22.176
0.90 ,51,-80.000,-19.486
0.90 ,52,-78.000,-17.571
0.90 ,53,-76.000,-16.146
0.90 ,54,-74.000,-15.060
0.90 ,55,-72.000,-14.218
0.90 ,56,-70.000,-13.545
0.90 ,57,-68.000,-12.983
0.90 ,58,-66.000,-12.475
0.90 ,59,-64.000,-11.974
0.90 ,60,-62.000,-11.440
0.90 ,61,-60.000,-10.850
0.90 ,62,-58.000,-10.199
0.90 ,63,-56.000,-9.496
0.90 ,64,-54.000,-8.764
0.90 ,65,-52.000,-8.027
0.90 ,66,-50.000,-7.307
0.90 ,67,-48.000,-6.621
0.90 ,68,-46.000,-5.980
0.90 ,69,-44.000,-5.391
0.90 ,70,-42.000,-4.856
0.90 ,71,-40.000,-4.373
0.90 ,72,-38.000,-3.939
0.90 ,73,-36.000,-3.550
0.90 ,74,-34.000,-3.200
0.90 ,75,-32.000,-2.884
0.90 ,76,-30.000,-2.598
0.90 ,77,-28.000,-2.337
0.90 ,78,-26.000,-2.099
0.90 ,79,-24.000,-1.881
0.90 ,80,-22.000,-1.681
0.90 ,81,-20.000,-1.498
0.90 ,82,-18.000,-1.332
0.90 ,83,-16.000,-1.181
0.90 ,84,-14.000,-1.046
0.90 ,85,-12.000,-0.926
0.90 ,86,-10.000,-0.820
0.90 ,87,-8.000,-0.728
0.90 ,88,-6.000,-0.649
0.90 ,89,-4.000,-0.582
0.90 ,90,-2.000,-0.528
0.90 ,91,0.000,-0.487
0.90 ,92,2.000,-0.458
0.90 ,93,4.000,-0.444
0.90 ,94,6.000,-0.444
0.90 ,95,8.000,-0.460
0.90 ,96,10.000,-0.494
0.90 ,97,12.000,-0.547
0.90 ,98,14.000,-0.620
0.90 ,99,16.000,-0.713
0.90 ,100,18.000,-0.828
0.90 ,101,20.000,-0.964
0.90 ,102,22.000,-1.120
0.90 ,103,24.000,-1.297
0.90 ,104,26.000,-1.493
0.90 ,105,28.000,-1.708
0.90 ,106,30.000,-1.942
0.90 ,107,32.000,-2.196
0.90 ,108,34.000,-2.471
0.90 ,109,36.000,-2.771
0.90 ,110,38.000,-3.099
0.90 ,111,40.000,-3.460
0.90 ,112,42.000,-3.858
0.90 ,113,44.000,-4.298
0.90 ,114,46.000,-4.783
0.90 ,115,48.000,-5.316
0.90 ,116,50.000,-5.896
0.90 ,117,52.000,-6.517
0.90 ,118,54.000,-7.170
0.90 ,119,56.000,-7.840
0.90 ,120,58.000,-8.510
0.90 ,121,60.000,-9.159
0.90 ,122,62.000,-9.772
0.90 ,123,64.000,-10.339
0.90 ,124,66.000,-10.863
0.90 ,125,68.000,-11.362
0.90 ,126,70.000,-11.861
0.90 ,127,72.000,-12.394
0.90 ,128,74.000,-12.996
0.90 ,129,76.000,-13.703
0.90 ,130,78.000,-14.546
0.90 ,131,80.000,-15.556
0.90 ,132,82.000,-16.750
0.90 ,133,84.000,-18.119
0.90 ,134,86.000,-19.585
0.90 ,135,88.000,-20.918
0.90 ,136,90.000,-21.720
0.90 ,137,92.000,-21.704
0.90 ,138,94.000,-21.055
0.90 ,139,96.000,-20.198
0.90 ,140,98.000,-19.434
0.90 ,141,100.000,-18.895
0.90 ,142,102.000,-18.627
0.90 ,143,104.000,-18.641
0.90 ,144,106.000,-18.942
0.90 ,145,108.000,-19.526
0.90 ,146,110.000,-20.371
0.90 ,147,112.000,-21.394
0.90 ,148,114.000,-22.358
0.90 ,149,116.000,-22.802
0.90 ,150,118.000,-22.319
0.90 ,151,120.000,-21.069
0.90 ,152,122.000,-19.543
0.90 ,153,124.000,-18.079
0.90 ,154,126.000,-16.808
0.90 ,155,128.000,-15.761
0.90 ,156,130.000,-14.932
0.90 ,157,132.000,-14.307
0.90 ,158,134.000,-13.873
0.90 ,159,136.000,-13.617
0.90 ,160,138.000,-13.528
0.90 ,161,140.000,-13.599
0.90 ,162,142.000,-13.820
0.90 ,163,144.000,-14.182
0.90 ,164,146.000,-14.664
0.90 ,165,148.000,-15.232
0.90 ,166,150.000,-15.827
0.90 ,167,152.000,-16.351
0.90 ,168,154.000,-16.677
0.90 ,169,156.000,-16.693
0.90 ,170,158.000,-16.364
0.90 ,171,160.000,-15.762
0.90 ,172,162.000,-15.007
0.90 ,173,164.000,-14.211
0.90 ,174,166.000,-13.451
0.90 ,175,168.000,-12.768
0.90 ,176,170.000,-12.181
0.90 ,177,172.000,-11.697
0.90 ,178,174.000,-11.316
0.90 ,179,176.000,-11.037
0.90 ,180,178.000,-10.856
0.90 ,181,180.000,-10.767
0.93 ,1,-180.000,-10.713
0.93 ,2,-178.000,-10.850
0.93 ,3,-176.000,-11.088
0.93 ,4,-174.000,-11.426
0.93 ,5,-172.000,-11.859
0.93 ,6,-170.000,-12.376
0.93 ,7,-168.000,-12.956
0.93 ,8,-166.000,-13.561
0.93 ,9,-164.000,-14.133
0.93 ,10,-162.000,-14.596
0.93 ,11,-160.000,-14.873
0.93 ,12,-158.000,-14.921
0.93 ,13,-156.000,-14.756
0.93 ,14,-154.000,-14.448
0.93 ,15,-152.000,-14.084
0.93 ,16,-150.000,-13.742
0.93 ,17,-148.000,-13.480
0.93 ,18,-146.000,-13.339
0.93 ,19,-144.000,-13.343
0.93 ,20,-142.000,-13.513
0.93 ,21,-140.000,-13.866
0.93 ,22,-138.000,-14.423
0.93 ,23,-136.000,-15.208
0.93 ,24,-134.000,-16.255
0.93 ,25,-132.000,-17.618
0.93 ,26,-130.000,-19.380
0.93 ,27,-128.000,-21.683
0.93 ,28,-126.000,-24.797
0.93 ,29,-124.000,-29.302
0.93 ,30,-122.000,-35.921
0.93 ,31,-120.000,-35.080
0.93 ,32,-118.000,-29.899
0.93 ,33,-116.000,-26.803
0.93 ,34,-114.000,-24.859
0.93 ,35,-112.000,-23.533
0.93 ,36,-110.000,-22.540
0.93 ,37,-108.000,-21.715
0.93 ,38,-106.000,-20.968
0.93 ,39,-104.000,-20.279
0.93 ,40,-102.000,-19.669
0.93 ,41,-100.000,-19.187
0.93 ,42,-98.000,-18.881
0.93 ,43,-96.000,-18.795
0.93 ,44,-94.000,-18.965
0.93 ,45,-92.000,-19.421
0.93 ,46,-90.000,-20.183
0.93 ,47,-88.000,-21.243
0.93 ,48,-86.000,-22.510
0.93 ,49,-84.000,-23.671
0.93 ,50,-82.000,-24.120
0.93 ,51,-80.000,-23.467
0.93 ,52,-78.000,-22.103
0.93 ,53,-76.000,-20.608
0.93 ,54,-74.000,-19.263
0.93 ,55,-72.000,-18.131
0.93 ,56,-70.000,-17.189
0.93 ,57,-68.000,-16.386
0.93 ,58,-66.000,-15.660
0.93 ,59,-64.000,-14.952
0.93 ,60,-62.000,-14.210
0.93 ,61,-60.000,-13.403
0.93 ,62,-58.000,-12.524
0.93 ,63,-56.000,-11.588
0.93 ,64,-54.000,-10.625
0.93 ,65,-52.000,-9.666
0.93 ,66,-50.000,-8.737
0.93 ,67,-48.000,-7.858
0.93 ,68,-46.000,-7.041
0.93 ,69,-44.000,-6.291
0.93 ,70,-42.000,-5.609
0.93 ,71,-40.000,-4.993
0.93 ,72,-38.000,-4.439
0.93 ,73,-36.000,-3.940
0.93 ,74,-34.000,-3.491
0.93 ,75,-32.000,-3.088
0.93 ,76,-30.000,-2.723
0.93 ,77,-28.000,-2.392
0.93 ,78,-26.000,-2.090
0.93 ,79,-24.000,-1.815
0.93 ,80,-22.000,-1.564
0.93 ,81,-20.000,-1.334
0.93 ,82,-18.000,-1.123
0.93 ,83,-16.000,-0.932
0.93 ,84,-14.000,-0.759
0.93 ,85,-12.000,-0.604
0.93 ,86,-10.000,-0.468
0.93 ,87,-8.000,-0.351
0.93 ,88,-6.000,-0.253
0.93 ,89,-4.000,-0.174
0.93 ,90,-2.000,-0.114
0.93 ,91,0.000,-0.072
0.93 ,92,2.000,-0.048
0.93 ,93,4.000,-0.042
0.93 ,94,6.000,-0.052
0.93 ,95,8.000,-0.079
0.93 ,96,10.000,-0.122
0.93 ,97,12.000,-0.181
0.93 ,98,14.000,-0.257
0.93 ,99,16.000,-0.350
0.93 ,100,18.000,-0.463
0.93 ,101,20.000,-0.596
0.93 ,102,22.000,-0.753
0.93 ,103,24.000,-0.933
0.93 ,104,26.000,-1.140
0.93 ,105,28.000,-1.375
0.93 ,106,30.000,-1.638
0.93 ,107,32.000,-1.931
0.93 ,108,34.000,-2.254
0.93 ,109,36.000,-2.609
0.93 ,110,38.000,-2.997
0.93 ,111,40.000,-3.418
0.93 ,112,42.000,-3.875
0.93 ,113,44.000,-4.370
0.93 ,114,46.000,-4.903
0.93 ,115,48.000,-5.476
0.93 ,116,50.000,-6.090
0.93 ,117,52.000,-6.741
0.93 ,118,54.000,-7.425
0.93 ,119,56.000,-8.134
0.93 ,120,58.000,-8.860
0.93 ,121,60.000,-9.589
0.93 ,122,62.000,-10.312
0.93 ,123,64.000,-11.020
0.93 ,124,66.000,-11.713
0.93 ,125,68.000,-12.396
0.93 ,126,70.000,-13.085
0.93 ,127,72.000,-13.799
0.93 ,128,74.000,-14.559
0.93 ,129,76.000,-15.383
0.93 ,130,78.000,-16.276
0.93 ,131,80.000,-17.231
0.93 ,132,82.000,-18.210
0.93 ,133,84.000,-19.137
0.93 ,134,86.000,-19.902
0.93 ,135,88.000,-20.397
0.93 ,136,90.000,-20.578
0.93 ,137,92.000,-20.506
0.93 ,138,94.000,-20.304
0.93 ,139,96.000,-20.100
0.93 ,140,98.000,-19.990
0.93 ,141,100.000,-20.038
0.93 ,142,102.000,-20.288
0.93 ,143,104.000,-20.773
0.93 ,144,106.000,-21.518
0.93 ,145,108.000,-22.530
0.93 ,146,110.000,-23.757
0.93 ,147,112.000,-24.978
0.93 ,148,114.000,-25.665
0.93 ,149,116.000,-25.277
0.93 ,150,118.000,-23.990
0.93 ,151,120.000,-22.425
0.93 ,152,122.000,-20.973
0.93 ,153,124.000,-19.763
0.93 ,154,126.000,-18.814
0.93 ,155,128.000,-18.112
0.93 ,156,130.000,-17.639
0.93 ,157,132.000,-17.380
0.93 ,158,134.000,-17.325
0.93 ,159,136.000,-17.473
0.93 ,160,138.000,-17.827
0.93 ,161,140.000,-18.393
0.93 ,162,142.000,-19.175
0.93 ,163,144.000,-20.151
0.93 ,164,146.000,-21.219
0.93 ,165,148.000,-22.106
0.93 ,166,150.000,-22.340
0.93 ,167,152.000,-21.627
0.93 ,168,154.000,-20.238
0.93 ,169,156.000,-18.642
0.93 ,170,158.000,-17.119
0.93 ,171,160.000,-15.769
0.93 ,172,162.000,-14.609
0.93 ,173,164.000,-13.632
0.93 ,174,166.000,-12.818
0.93 ,175,168.000,-12.154
0.93 ,176,170.000,-11.624
0.93 ,177,172.000,-11.219
0.93 ,178,174.000,-10.930
0.93 ,179,176.000,-10.751
0.93 ,180,178.000,-10.680
0.93 ,181,180.000,-10.713
0.95 ,1,-180.000,-11.939
0.95 ,2,-178.000,-12.137
0.95 ,3,-176.000,-12.433
0.95 ,4,-174.000,-12.827
0.95 ,5,-172.000,-13.316
0.95 ,6,-170.000,-13.885
0.95 ,7,-168.000,-14.506
0.95 ,8,-166.000,-15.124
0.95 ,9,-164.000,-15.661
0.95 ,10,-162.000,-16.030
0.95 ,11,-160.000,-16.166
0.95 ,12,-158.000,-16.072
0.95 ,13,-156.000,-15.816
0.95 ,14,-154.000,-15.497
0.95 ,15,-152.000,-15.210
0.95 ,16,-150.000,-15.025
0.95 ,17,-148.000,-14.994
0.95 ,18,-146.000,-15.153
0.95 ,19,-144.000,-15.538
0.95 ,20,-142.000,-16.183
0.95 ,21,-140.000,-17.135
0.95 ,22,-138.000,-18.459
0.95 ,23,-136.000,-20.250
0.95 ,24,-134.000,-22.635
0.95 ,25,-132.000,-25.679
0.95 ,26,-130.000,-28.611
0.95 ,27,-128.000,-28.602
0.95 ,28,-126.000,-26.243
0.95 ,29,-124.000,-24.140
0.95 ,30,-122.000,-22.790
0.95 ,31,-120.000,-22.137
0.95 ,32,-118.000,-22.121
0.95 ,33,-116.000,-22.740
0.95 ,34,-114.000,-24.060
0.95 ,35,-112.000,-26.169
0.95 ,36,-110.000,-28.749
0.95 ,37,-108.000,-29.348
0.95 ,38,-106.000,-26.595
0.95 ,39,-104.000,-23.534
0.95 ,40,-102.000,-21.185
0.95 ,41,-100.000,-19.500
0.95 ,42,-98.000,-18.349
0.95 ,43,-96.000,-17.640
0.95 ,44,-94.000,-17.318
0.95 ,45,-92.000,-17.353
0.95 ,46,-90.000,-17.735
0.95 ,47,-88.000,-18.467
0.95 ,48,-86.000,-19.558
0.95 ,49,-84.000,-20.998
0.95 ,50,-82.000,-22.674
0.95 ,51,-80.000,-24.146
0.95 ,52,-78.000,-24.558
0.95 ,53,-76.000,-23.593
0.95 ,54,-74.000,-21.999
0.95 ,55,-72.000,-20.425
0.95 ,56,-70.000,-19.070
0.95 ,57,-68.000,-17.934
0.95 ,58,-66.000,-16.955
0.95 ,59,-64.000,-16.060
0.95 ,60,-62.000,-15.183
0.95 ,61,-60.000,-14.276
0.95 ,62,-58.000,-13.320
0.95 ,63,-56.000,-12.317
0.95 ,64,-54.000,-11.291
0.95 ,65,-52.000,-10.267
0.95 ,66,-50.000,-9.271
0.95 ,67,-48.000,-8.323
0.95 ,68,-46.000,-7.433
0.95 ,69,-44.000,-6.609
0.95 ,70,-42.000,-5.853
0.95 ,71,-40.000,-5.164
0.95 ,72,-38.000,-4.541
0.95 ,73,-36.000,-3.979
0.95 ,74,-34.000,-3.475
0.95 ,75,-32.000,-3.026
0.95 ,76,-30.000,-2.625
0.95 ,77,-28.000,-2.269
0.95 ,78,-26.000,-1.954
0.95 ,79,-24.000,-1.673
0.95 ,80,-22.000,-1.424
0.95 ,81,-20.000,-1.202
0.95 ,82,-18.000,-1.003
0.95 ,83,-16.000,-0.826
0.95 ,84,-14.000,-0.668
0.95 ,85,-12.000,-0.528
0.95 ,86,-10.000,-0.406
0.95 ,87,-8.000,-0.301
0.95 ,88,-6.000,-0.215
0.95 ,89,-4.000,-0.149
0.95 ,90,-2.000,-0.102
0.95 ,91,0.000,-0.075
0.95 ,92,2.000,-0.069
0.95 ,93,4.000,-0.082
0.95 ,94,6.000,-0.115
0.95 ,95,8.000,-0.165
0.95 ,96,10.000,-0.234
0.95 ,97,12.000,-0.318
0.95 ,98,14.000,-0.419
0.95 ,99,16.000,-0.537
0.95 ,100,18.000,-0.672
0.95 ,101,20.000,-0.827
0.95 ,102,22.000,-1.001
0.95 ,103,24.000,-1.199
0.95 ,104,26.000,-1.423
0.95 ,105,28.000,-1.674
0.95 ,106,30.000,-1.954
0.95 ,107,32.000,-2.266
0.95 ,108,34.000,-2.611
0.95 ,109,36.000,-2.990
0.95 ,110,38.000,-3.404
0.95 ,111,40.000,-3.855
0.95 ,112,42.000,-4.343
0.95 ,113,44.000,-4.872
0.95 ,114,46.000,-5.441
0.95 ,115,48.000,-6.052
0.95 ,116,50.000,-6.706
0.95 ,117,52.000,-7.401
0.95 ,118,54.000,-8.135
0.95 ,119,56.000,-8.901
0.95 ,120,58.000,-9.693
0.95 ,121,60.000,-10.500
0.95 ,122,62.000,-11.311
0.95 ,123,64.000,-12.117
0.95 ,124,66.000,-12.913
0.95 ,125,68.000,-13.697
0.95 ,126,70.000,-14.475
0.95 ,127,72.000,-15.255
0.95 ,128,74.000,-16.041
0.95 ,129,76.000,-16.830
0.95 ,130,78.000,-17.601
0.95 ,131,80.000,-18.311
0.95 ,132,82.000,-18.900
0.95 ,133,84.000,-19.307
0.95 ,134,86.000,-19.509
0.95 ,135,88.000,-19.535
0.95 ,136,90.000,-19.457
0.95 ,137,92.000,-19.363
0.95 ,138,94.000,-19.327
0.95 ,139,96.000,-19.405
0.95 ,140,98.000,-19.634
0.95 ,141,100.000,-20.039
0.95 ,142,102.000,-20.633
0.95 ,143,104.000,-21.413
0.95 ,144,106.000,-22.347
0.95 ,145,108.000,-23.335
0.95 ,146,110.000,-24.157
0.95 ,147,112.000,-24.497
0.95 ,148,114.000,-24.157
0.95 ,149,116.000,-23.282
0.95 ,150,118.000,-22.195
0.95 ,151,120.000,-21.144
0.95 ,152,122.000,-20.252
0.95 ,153,124.000,-19.569
0.95 ,154,126.000,-19.109
0.95 ,155,128.000,-18.876
0.95 ,156,130.000,-18.875
0.95 ,157,132.000,-19.115
0.95 ,158,134.000,-19.613
0.95 ,159,136.000,-20.405
0.95 ,160,138.000,-21.546
0.95 ,161,140.000,-23.128
0.95 ,162,142.000,-25.275
0.95 ,163,144.000,-27.984
0.95 ,164,146.000,-30.016
0.95 ,165,148.000,-28.511
0.95 ,166,150.000,-25.243
0.95 ,167,152.000,-22.355
0.95 ,168,154.000,-20.062
0.95 ,169,156.000,-18.240
0.95 ,170,158.000,-16.777
0.95 ,171,160.000,-15.591
0.95 ,172,162.000,-14.628
0.95 ,173,164.000,-13.848
0.95 ,174,166.000,-13.223
0.95 ,175,168.000,-12.730
0.95 ,176,170.000,-12.353
0.95 ,177,172.000,-12.082
0.95 ,178,174.000,-11.907
0.95 ,179,176.000,-11.826
0.95 ,180,178.000,-11.836
0.95 ,181,180.000,-11.939
0.98 ,1,-180.000,-13.375
0.98 ,2,-178.000,-13.771
0.98 ,3,-176.000,-14.257
0.98 ,4,-174.000,-14.828
0.98 ,5,-172.000,-15.464
0.98 ,6,-170.000,-16.128
0.98 ,7,-168.000,-16.752
0.98 ,8,-166.000,-17.238
0.98 ,9,-164.000,-17.490
0.98 ,10,-162.000,-17.458
0.98 ,11,-160.000,-17.184
0.98 ,12,-158.000,-16.774
0.98 ,13,-156.000,-16.347
0.98 ,14,-154.000,-16.001
0.98 ,15,-152.000,-15.805
0.98 ,16,-150.000,-15.809
0.98 ,17,-148.000,-16.053
0.98 ,18,-146.000,-16.585
0.98 ,19,-144.000,-17.467
0.98 ,20,-142.000,-18.794
0.98 ,21,-140.000,-20.742
0.98 ,22,-138.000,-23.672
0.98 ,23,-136.000,-28.571
0.98 ,24,-134.000,-39.632
0.98 ,25,-132.000,-32.663
0.98 ,26,-130.000,-26.112
0.98 ,27,-128.000,-22.761
0.98 ,28,-126.000,-20.774
0.98 ,29,-124.000,-19.618
0.98 ,30,-122.000,-19.088
0.98 ,31,-120.000,-19.108
0.98 ,32,-118.000,-19.678
0.98 ,33,-116.000,-20.875
0.98 ,34,-114.000,-22.887
0.98 ,35,-112.000,-26.103
0.98 ,36,-110.000,-30.735
0.98 ,37,-108.000,-30.672
0.98 ,38,-106.000,-25.674
0.98 ,39,-104.000,-22.046
0.98 ,40,-102.000,-19.602
0.98 ,41,-100.000,-17.930
0.98 ,42,-98.000,-16.814
0.98 ,43,-96.000,-16.141
0.98 ,44,-94.000,-15.851
0.98 ,45,-92.000,-15.920
0.98 ,46,-90.000,-16.351
0.98 ,47,-88.000,-17.171
0.98 ,48,-86.000,-18.447
0.98 ,49,-84.000,-20.301
0.98 ,50,-82.000,-22.960
0.98 ,51,-80.000,-26.744
0.98 ,52,-78.000,-30.537
0.98 ,53,-76.000,-28.432
0.98 ,54,-74.000,-24.488
0.98 ,55,-72.000,-21.657
0.98 ,56,-70.000,-19.694
0.98 ,57,-68.000,-18.298
0.98 ,58,-66.000,-17.267
0.98 ,59,-64.000,-16.449
0.98 ,60,-62.000,-15.708
0.98 ,61,-60.000,-14.929
0.98 ,62,-58.000,-14.033
0.98 ,63,-56.000,-13.000
0.98 ,64,-54.000,-11.863
0.98 ,65,-52.000,-10.683
0.98 ,66,-50.000,-9.516
0.98 ,67,-48.000,-8.407
0.98 ,68,-46.000,-7.379
0.98 ,69,-44.000,-6.445
0.98 ,70,-42.000,-5.606
0.98 ,71,-40.000,-4.862
0.98 ,72,-38.000,-4.205
0.98 ,73,-36.000,-3.630
0.98 ,74,-34.000,-3.128
0.98 ,75,-32.000,-2.693
0.98 ,76,-30.000,-2.317
0.98 ,77,-28.000,-1.991
0.98 ,78,-26.000,-1.711
0.98 ,79,-24.000,-1.469
0.98 ,80,-22.000,-1.260
0.98 ,81,-20.000,-1.078
0.98 ,82,-18.000,-0.919
0.98 ,83,-16.000,-0.779
0.98 ,84,-14.000,-0.656
0.98 ,85,-12.000,-0.547
0.98 ,86,-10.000,-0.451
0.98 ,87,-8.000,-0.369
0.98 ,88,-6.000,-0.300
0.98 ,89,-4.000,-0.246
0.98 ,90,-2.000,-0.208
0.98 ,91,0.000,-0.187
0.98 ,92,2.000,-0.184
0.98 ,93,4.000,-0.200
0.98 ,94,6.000,-0.235
0.98 ,95,8.000,-0.289
0.98 ,96,10.000,-0.362
0.98 ,97,12.000,-0.454
0.98 ,98,14.000,-0.565
0.98 ,99,16.000,-0.695
0.98 ,100,18.000,-0.844
0.98 ,101,20.000,-1.013
0.98 ,102,22.000,-1.202
0.98 ,103,24.000,-1.415
0.98 ,104,26.000,-1.652
0.98 ,105,28.000,-1.915
0.98 ,106,30.000,-2.206
0.98 ,107,32.000,-2.528
0.98 ,108,34.000,-2.881
0.98 ,109,36.000,-3.268
0.98 ,110,38.000,-3.689
0.98 ,111,40.000,-4.147
0.98 ,112,42.000,-4.640
0.98 ,113,44.000,-5.171
0.98 ,114,46.000,-5.738
0.98 ,115,48.000,-6.341
0.98 ,116,50.000,-6.978
0.98 ,117,52.000,-7.643
0.98 ,118,54.000,-8.334
0.98 ,119,56.000,-9.044
0.98 ,120,58.000,-9.767
0.98 ,121,60.000,-10.500
0.98 ,122,62.000,-11.240
0.98 ,123,64.000,-11.991
0.98 ,124,66.000,-12.758
0.98 ,125,68.000,-13.553
0.98 ,126,70.000,-14.386
0.98 ,127,72.000,-15.268
0.98 ,128,74.000,-16.204
0.98 ,129,76.000,-17.187
0.98 ,130,78.000,-18.188
0.98 ,131,80.000,-19.151
0.98 ,132,82.000,-19.990
0.98 ,133,84.000,-20.608
0.98 ,134,86.000,-20.939
0.98 ,135,88.000,-20.999
0.98 ,136,90.000,-20.873
0.98 ,137,92.000,-20.673
0.98 ,138,94.000,-20.491
0.98 ,139,96.000,-20.388
0.98 ,140,98.000,-20.398
0.98 ,141,100.000,-20.528
0.98 ,142,102.000,-20.769
0.98 ,143,104.000,-21.085
0.98 ,144,106.000,-21.416
0.98 ,145,108.000,-21.675
0.98 ,146,110.000,-21.768
0.98 ,147,112.000,-21.632
0.98 ,148,114.000,-21.273
0.98 ,149,116.000,-20.764
0.98 ,150,118.000,-20.202
0.98 ,151,120.000,-19.678
0.98 ,152,122.000,-19.257
0.98 ,153,124.000,-18.986
0.98 ,154,126.000,-18.900
0.98 ,155,128.000,-19.027
0.98 ,156,130.000,-19.401
0.98 ,157,132.000,-20.068
0.98 ,158,134.000,-21.096
0.98 ,159,136.000,-22.603
0.98 ,160,138.000,-24.814
0.98 ,161,140.000,-28.208
0.98 ,162,142.000,-33.802
0.98 ,163,144.000,-35.750
0.98 ,164,146.000,-29.094
0.98 ,165,148.000,-24.692
0.98 ,166,150.000,-21.717
0.98 ,167,152.000,-19.536
0.98 ,168,154.000,-17.860
0.98 ,169,156.000,-16.542
0.98 ,170,158.000,-15.495
0.98 ,171,160.000,-14.664
0.98 ,172,162.000,-14.012
0.98 ,173,164.000,-13.510
0.98 ,174,166.000,-13.140
0.98 ,175,168.000,-12.886
0.98 ,176,170.000,-12.737
0.98 ,177,172.000,-12.685
0.98 ,178,174.000,-12.724
0.98 ,179,176.000,-12.853
0.98 ,180,178.000,-13.069
0.98 ,181,180.000,-13.375
1.00 ,1,-180.000,-21.673
1.00 ,2,-178.000,-21.441
1.00 ,3,-176.000,-20.648
1.00 ,4,-174.000,-19.826
1.00 ,5,-172.000,-19.127
1.00 ,6,-170.000,-18.567
1.00 ,7,-168.000,-18.169
1.00 ,8,-166.000,-17.982
1.00 ,9,-164.000,-18.064
1.00 ,10,-162.000,-18.437
1.00 ,11,-160.000,-19.025
1.00 ,12,-158.000,-19.540
1.00 ,13,-156.000,-19.484
1.00 ,14,-154.000,-18.605
1.00 ,15,-152.000,-17.274
1.00 ,16,-150.000,-16.000
1.00 ,17,-148.000,-15.073
1.00 ,18,-146.000,-14.613
1.00 ,19,-144.000,-14.689
1.00 ,20,-142.000,-15.382
1.00 ,21,-140.000,-16.834
1.00 ,22,-138.000,-19.302
1.00 ,23,-136.000,-23.047
1.00 ,24,-134.000,-25.496
1.00 ,25,-132.000,-21.946
1.00 ,26,-130.000,-18.262
1.00 ,27,-128.000,-15.833
1.00 ,28,-126.000,-14.342
1.00 ,29,-124.000,-13.560
1.00 ,30,-122.000,-13.370
1.00 ,31,-120.000,-13.722
1.00 ,32,-118.000,-14.615
1.00 ,33,-116.000,-16.098
1.00 ,34,-114.000,-18.284
1.00 ,35,-112.000,-21.356
1.00 ,36,-110.000,-25.243
1.00 ,37,-108.000,-27.003
1.00 ,38,-106.000,-24.154
1.00 ,39,-104.000,-21.078
1.00 ,40,-102.000,-18.812
1.00 ,41,-100.000,-17.160
1.00 ,42,-98.000,-15.951
1.00 ,43,-96.000,-15.108
1.00 ,44,-94.000,-14.610
1.00 ,45,-92.000,-14.476
1.00 ,46,-90.000,-14.753
1.00 ,47,-88.000,-15.518
1.00 ,48,-86.000,-16.909
1.00 ,49,-84.000,-19.183
1.00 ,50,-82.000,-22.935
1.00 ,51,-80.000,-29.760
1.00 ,52,-78.000,-31.291
1.00 ,53,-76.000,-24.201
1.00 ,54,-74.000,-20.490
1.00 ,55,-72.000,-18.414
1.00 ,56,-70.000,-17.269
1.00 ,57,-68.000,-16.703
1.00 ,58,-66.000,-16.424
1.00 ,59,-64.000,-16.104
1.00 ,60,-62.000,-15.434
1.00 ,61,-60.000,-14.331
1.00 ,62,-58.000,-12.974
1.00 ,63,-56.000,-11.597
1.00 ,64,-54.000,-10.344
1.00 ,65,-52.000,-9.270
1.00 ,66,-50.000,-8.374
1.00 ,67,-48.000,-7.632
1.00 ,68,-46.000,-7.007
1.00 ,69,-44.000,-6.462
1.00 ,70,-42.000,-5.957
1.00 ,71,-40.000,-5.463
1.00 ,72,-38.000,-4.958
1.00 ,73,-36.000,-4.430
1.00 ,74,-34.000,-3.881
1.00 ,75,-32.000,-3.323
1.00 ,76,-30.000,-2.773
1.00 ,77,-28.000,-2.252
1.00 ,78,-26.000,-1.782
1.00 ,79,-24.000,-1.378
1.00 ,80,-22.000,-1.056
1.00 ,81,-20.000,-0.822
1.00 ,82,-18.000,-0.680
1.00 ,83,-16.000,-0.626
1.00 ,84,-14.000,-0.651
1.00 ,85,-12.000,-0.742
1.00 ,86,-10.000,-0.879
1.00 ,87,-8.000,-1.040
1.00 ,88,-6.000,-1.201
1.00 ,89,-4.000,-1.339
1.00 ,90,-2.000,-1.432
1.00 ,91,0.000,-1.468
1.00 ,92,2.000,-1.441
1.00 ,93,4.000,-1.354
1.00 ,94,6.000,-1.219
1.00 ,95,8.000,-1.054
1.00 ,96,10.000,-0.884
1.00 ,97,12.000,-0.732
1.00 ,98,14.000,-0.624
1.00 ,99,16.000,-0.579
1.00 ,100,18.000,-0.615
1.00 ,101,20.000,-0.742
1.00 ,102,22.000,-0.966
1.00 ,103,24.000,-1.285
1.00 ,104,26.000,-1.695
1.00 ,105,28.000,-2.183
1.00 ,106,30.000,-2.730
1.00 ,107,32.000,-3.313
1.00 ,108,34.000,-3.905
1.00 ,109,36.000,-4.476
1.00 ,110,38.000,-5.000
1.00 ,111,40.000,-5.460
1.00 ,112,42.000,-5.851
1.00 ,113,44.000,-6.179
1.00 ,114,46.000,-6.466
1.00 ,115,48.000,-6.741
1.00 ,116,50.000,-7.038
1.00 ,117,52.000,-7.389
1.00 ,118,54.000,-7.821
1.00 ,119,56.000,-8.354
1.00 ,120,58.000,-8.999
1.00 ,121,60.000,-9.756
1.00 ,122,62.000,-10.616
1.00 ,123,64.000,-11.560
1.00 ,124,66.000,-12.566
1.00 ,125,68.000,-13.616
1.00 ,126,70.000,-14.701
1.00 ,127,72.000,-15.815
1.00 ,128,74.000,-16.934
1.00 ,129,76.000,-17.981
1.00 ,130,78.000,-18.802
1.00 ,131,80.000,-19.231
1.00 ,132,82.000,-19.248
1.00 ,133,84.000,-19.034
1.00 ,134,86.000,-18.839
1.00 ,135,88.000,-18.853
1.00 ,136,90.000,-19.186
1.00 ,137,92.000,-19.882
1.00 ,138,94.000,-20.915
1.00 ,139,96.000,-22.143
1.00 ,140,98.000,-23.258
1.00 ,141,100.000,-23.905
1.00 ,142,102.000,-24.070
1.00 ,143,104.000,-24.119
1.00 ,144,106.000,-24.380
1.00 ,145,108.000,-24.808
1.00 ,146,110.000,-24.762
1.00 ,147,112.000,-23.466
1.00 ,148,114.000,-21.282
1.00 ,149,116.000,-19.095
1.00 ,150,118.000,-17.323
1.00 ,151,120.000,-16.060
1.00 ,152,122.000,-15.311
1.00 ,153,124.000,-15.068
1.00 ,154,126.000,-15.339
1.00 ,155,128.000,-16.156
1.00 ,156,130.000,-17.577
1.00 ,157,132.000,-19.670
1.00 ,158,134.000,-22.369
1.00 ,159,136.000,-24.827
1.00 ,160,138.000,-25.170
1.00 ,161,140.000,-23.966
1.00 ,162,142.000,-23.043
1.00 ,163,144.000,-22.887
1.00 ,164,146.000,-23.188
1.00 ,165,148.000,-22.839
1.00 ,166,150.000,-20.870
1.00 ,167,152.000,-18.140
1.00 ,168,154.000,-15.654
1.00 ,169,156.000,-13.692
1.00 ,170,158.000,-12.261
1.00 ,171,160.000,-11.314
1.00 ,172,162.000,-10.809
1.00 ,173,164.000,-10.720
1.00 ,174,166.000,-11.036
1.00 ,175,168.000,-11.756
1.00 ,176,170.000,-12.890
1.00 ,177,172.000,-14.449
1.00 ,178,174.000,-16.415
1.00 ,179,176.000,-18.646
1.00 ,180,178.000,-20.670
1.00 ,181,180.000,-21.673
1.03 ,1,-180.000,-14.135
1.03 ,2,-178.000,-14.965
1.03 ,3,-176.000,-15.873
1.03 ,4,-174.000,-16.764
1.03 ,5,-172.000,-17.472
1.03 ,6,-170.000,-17.797
1.03 ,7,-168.000,-17.630
1.03 ,8,-166.000,-17.057
1.03 ,9,-164.000,-16.282
1.03 ,10,-162.000,-15.489
1.03 ,11,-160.000,-14.795
1.03 ,12,-158.000,-14.259
1.03 ,13,-156.000,-13.913
1.03 ,14,-154.000,-13.776
1.03 ,15,-152.000,-13.866
1.03 ,16,-150.000,-14.207
1.03 ,17,-148.000,-14.834
1.03 ,18,-146.000,-15.804
1.03 ,19,-144.000,-17.213
1.03 ,20,-142.000,-19.229
1.03 ,21,-140.000,-22.178
1.03 ,22,-138.000,-26.675
1.03 ,23,-136.000,-31.137
1.03 ,24,-134.000,-26.804
1.03 ,25,-132.000,-22.328
1.03 ,26,-130.000,-19.430
1.03 ,27,-128.000,-17.503
1.03 ,28,-126.000,-16.227
1.03 ,29,-124.000,-15.445
1.03 ,30,-122.000,-15.077
1.03 ,31,-120.000,-15.086
1.03 ,32,-118.000,-15.455
1.03 ,33,-116.000,-16.183
1.03 ,34,-114.000,-17.255
1.03 ,35,-112.000,-18.591
1.03 ,36,-110.000,-19.892
1.03 ,37,-108.000,-20.514
1.03 ,38,-106.000,-19.968
1.03 ,39,-104.000,-18.661
1.03 ,40,-102.000,-17.263
1.03 ,41,-100.000,-16.107
1.03 ,42,-98.000,-15.291
1.03 ,43,-96.000,-14.830
1.03 ,44,-94.000,-14.725
1.03 ,45,-92.000,-14.982
1.03 ,46,-90.000,-15.628
1.03 ,47,-88.000,-16.718
1.03 ,48,-86.000,-18.352
1.03 ,49,-84.000,-20.720
1.03 ,50,-82.000,-24.176
1.03 ,51,-80.000,-28.979
1.03 ,52,-78.000,-30.416
1.03 ,53,-76.000,-26.208
1.03 ,54,-74.000,-23.001
1.03 ,55,-72.000,-21.019
1.03 ,56,-70.000,-19.851
1.03 ,57,-68.000,-19.228
1.03 ,58,-66.000,-18.923
1.03 ,59,-64.000,-18.652
1.03 ,60,-62.000,-18.071
1.03 ,61,-60.000,-16.961
1.03 ,62,-58.000,-15.413
1.03 ,63,-56.000,-13.695
1.03 ,64,-54.000,-12.023
1.03 ,65,-52.000,-10.503
1.03 ,66,-50.000,-9.170
1.03 ,67,-48.000,-8.023
1.03 ,68,-46.000,-7.047
1.03 ,69,-44.000,-6.224
1.03 ,70,-42.000,-5.531
1.03 ,71,-40.000,-4.950
1.03 ,72,-38.000,-4.460
1.03 ,73,-36.000,-4.042
1.03 ,74,-34.000,-3.679
1.03 ,75,-32.000,-3.356
1.03 ,76,-30.000,-3.059
1.03 ,77,-28.000,-2.782
1.03 ,78,-26.000,-2.516
1.03 ,79,-24.000,-2.262
1.03 ,80,-22.000,-2.020
1.03 ,81,-20.000,-1.791
1.03 ,82,-18.000,-1.580
1.03 ,83,-16.000,-1.390
1.03 ,84,-14.000,-1.224
1.03 ,85,-12.000,-1.081
1.03 ,86,-10.000,-0.964
1.03 ,87,-8.000,-0.870
1.03 ,88,-6.000,-0.798
1.03 ,89,-4.000,-0.746
1.03 ,90,-2.000,-0.712
1.03 ,91,0.000,-0.694
1.03 ,92,2.000,-0.693
1.03 ,93,4.000,-0.706
1.03 ,94,6.000,-0.736
1.03 ,95,8.000,-0.783
1.03 ,96,10.000,-0.848
1.03 ,97,12.000,-0.932
1.03 ,98,14.000,-1.038
1.03 ,99,16.000,-1.163
1.03 ,100,18.000,-1.309
1.03 ,101,20.000,-1.473
1.03 ,102,22.000,-1.654
1.03 ,103,24.000,-1.849
1.03 ,104,26.000,-2.059
1.03 ,105,28.000,-2.280
1.03 ,106,30.000,-2.516
1.03 ,107,32.000,-2.767
1.03 ,108,34.000,-3.038
1.03 ,109,36.000,-3.335
1.03 ,110,38.000,-3.667
1.03 ,111,40.000,-4.042
1.03 ,112,42.000,-4.470
1.03 ,113,44.000,-4.960
1.03 ,114,46.000,-5.520
1.03 ,115,48.000,-6.157
1.03 ,116,50.000,-6.874
1.03 ,117,52.000,-7.668
1.03 ,118,54.000,-8.530
1.03 ,119,56.000,-9.438
1.03 ,120,58.000,-10.355
1.03 ,121,60.000,-11.231
1.03 ,122,62.000,-12.009
1.03 ,123,64.000,-12.646
1.03 ,124,66.000,-13.133
1.03 ,125,68.000,-13.503
1.03 ,126,70.000,-13.821
1.03 ,127,72.000,-14.159
1.03 ,128,74.000,-14.583
1.03 ,129,76.000,-15.146
1.03 ,130,78.000,-15.891
1.03 ,131,80.000,-16.848
1.03 ,132,82.000,-18.031
1.03 ,133,84.000,-19.414
1.03 ,134,86.000,-20.873
1.03 ,135,88.000,-22.096
1.03 ,136,90.000,-22.637
1.03 ,137,92.000,-22.342
1.03 ,138,94.000,-21.568
1.03 ,139,96.000,-20.750
1.03 ,140,98.000,-20.124
1.03 ,141,100.000,-19.776
1.03 ,142,102.000,-19.727
1.03 ,143,104.000,-19.960
1.03 ,144,106.000,-20.429
1.03 ,145,108.000,-21.029
1.03 ,146,110.000,-21.557
1.03 ,147,112.000,-21.729
1.03 ,148,114.000,-21.350
1.03 ,149,116.000,-20.503
1.03 ,150,118.000,-19.456
1.03 ,151,120.000,-18.440
1.03 ,152,122.000,-17.580
1.03 ,153,124.000,-16.933
1.03 ,154,126.000,-16.520
1.03 ,155,128.000,-16.351
1.03 ,156,130.000,-16.437
1.03 ,157,132.000,-16.798
1.03 ,158,134.000,-17.466
1.03 ,159,136.000,-18.493
1.03 ,160,138.000,-19.965
1.03 ,161,140.000,-22.006
1.03 ,162,142.000,-24.700
1.03 ,163,144.000,-27.329
1.03 ,164,146.000,-26.876
1.03 ,165,148.000,-23.783
1.03 ,166,150.000,-20.845
1.03 ,167,152.000,-18.544
1.03 ,168,154.000,-16.765
1.03 ,169,156.000,-15.381
1.03 ,170,158.000,-14.303
1.03 ,171,160.000,-13.472
1.03 ,172,162.000,-12.847
1.03 ,173,164.000,-12.403
1.03 ,174,166.000,-12.120
1.03 ,175,168.000,-11.987
1.03 ,176,170.000,-11.996
1.03 ,177,172.000,-12.144
1.03 ,178,174.000,-12.432
1.03 ,179,176.000,-12.859
1.03 ,180,178.000,-13.428
1.03 ,181,180.000,-14.135
1.05 ,1,-180.000,-13.948
1.05 ,2,-178.000,-14.976
1.05 ,3,-176.000,-16.188
1.05 ,4,-174.000,-17.524
1.05 ,5,-172.000,-18.804
1.05 ,6,-170.000,-19.664
1.05 ,7,-168.000,-19.729
1.05 ,8,-166.000,-19.034
1.05 ,9,-164.000,-17.984
1.05 ,10,-162.000,-16.932
1.05 ,11,-160.000,-16.051
1.05 ,12,-158.000,-15.405
1.05 ,13,-156.000,-15.014
1.05 ,14,-154.000,-14.889
1.05 ,15,-152.000,-15.044
1.05 ,16,-150.000,-15.506
1.05 ,17,-148.000,-16.324
1.05 ,18,-146.000,-17.586
1.05 ,19,-144.000,-19.459
1.05 ,20,-142.000,-22.301
1.05 ,21,-140.000,-27.098
1.05 ,22,-138.000,-38.057
1.05 ,23,-136.000,-30.817
1.05 ,24,-134.000,-24.086
1.05 ,25,-132.000,-20.499
1.05 ,26,-130.000,-18.223
1.05 ,27,-128.000,-16.718
1.05 ,28,-126.000,-15.758
1.05 ,29,-124.000,-15.240
1.05 ,30,-122.000,-15.111
1.05 ,31,-120.000,-15.352
1.05 ,32,-118.000,-15.959
1.05 ,33,-116.000,-16.925
1.05 ,34,-114.000,-18.191
1.05 ,35,-112.000,-19.509
1.05 ,36,-110.000,-20.264
1.05 ,37,-108.000,-19.837
1.05 ,38,-106.000,-18.507
1.05 ,39,-104.000,-17.000
1.05 ,40,-102.000,-15.714
1.05 ,41,-100.000,-14.767
1.05 ,42,-98.000,-14.176
1.05 ,43,-96.000,-13.935
1.05 ,44,-94.000,-14.043
1.05 ,45,-92.000,-14.512
1.05 ,46,-90.000,-15.375
1.05 ,47,-88.000,-16.696
1.05 ,48,-86.000,-18.588
1.05 ,49,-84.000,-21.254
1.05 ,50,-82.000,-25.010
1.05 ,51,-80.000,-29.418
1.05 ,52,-78.000,-29.054
1.05 ,53,-76.000,-25.508
1.05 ,54,-74.000,-23.024
1.05 ,55,-72.000,-21.601
1.05 ,56,-70.000,-20.938
1.05 ,57,-68.000,-20.783
1.05 ,58,-66.000,-20.794
1.05 ,59,-64.000,-20.409
1.05 ,60,-62.000,-19.148
1.05 ,61,-60.000,-17.172
1.05 ,62,-58.000,-15.005
1.05 ,63,-56.000,-12.978
1.05 ,64,-54.000,-11.203
1.05 ,65,-52.000,-9.692
1.05 ,66,-50.000,-8.424
1.05 ,67,-48.000,-7.370
1.05 ,68,-46.000,-6.500
1.05 ,69,-44.000,-5.786
1.05 ,70,-42.000,-5.200
1.05 ,71,-40.000,-4.717
1.05 ,72,-38.000,-4.311
1.05 ,73,-36.000,-3.959
1.05 ,74,-34.000,-3.639
1.05 ,75,-32.000,-3.336
1.05 ,76,-30.000,-3.037
1.05 ,77,-28.000,-2.738
1.05 ,78,-26.000,-2.437
1.05 ,79,-24.000,-2.139
1.05 ,80,-22.000,-1.850
1.05 ,81,-20.000,-1.578
1.05 ,82,-18.000,-1.328
1.05 ,83,-16.000,-1.106
1.05 ,84,-14.000,-0.913
1.05 ,85,-12.000,-0.750
1.05 ,86,-10.000,-0.616
1.05 ,87,-8.000,-0.508
1.05 ,88,-6.000,-0.423
1.05 ,89,-4.000,-0.358
1.05 ,90,-2.000,-0.310
1.05 ,91,0.000,-0.278
1.05 ,92,2.000,-0.261
1.05 ,93,4.000,-0.259
1.05 ,94,6.000,-0.274
1.05 ,95,8.000,-0.308
1.05 ,96,10.000,-0.363
1.05 ,97,12.000,-0.443
1.05 ,98,14.000,-0.548
1.05 ,99,16.000,-0.681
1.05 ,100,18.000,-0.842
1.05 ,101,20.000,-1.030
1.05 ,102,22.000,-1.245
1.05 ,103,24.000,-1.481
1.05 ,104,26.000,-1.735
1.05 ,105,28.000,-2.000
1.05 ,106,30.000,-2.271
1.05 ,107,32.000,-2.542
1.05 ,108,34.000,-2.810
1.05 ,109,36.000,-3.072
1.05 ,110,38.000,-3.331
1.05 ,111,40.000,-3.594
1.05 ,112,42.000,-3.870
1.05 ,113,44.000,-4.172
1.05 ,114,46.000,-4.514
1.05 ,115,48.000,-4.911
1.05 ,116,50.000,-5.376
1.05 ,117,52.000,-5.923
1.05 ,118,54.000,-6.560
1.05 ,119,56.000,-7.291
1.05 ,120,58.000,-8.115
1.05 ,121,60.000,-9.018
1.05 ,122,62.000,-9.975
1.05 ,123,64.000,-10.938
1.05 ,124,66.000,-11.846
1.05 ,125,68.000,-12.628
1.05 ,126,70.000,-13.236
1.05 ,127,72.000,-13.673
1.05 ,128,74.000,-13.999
1.05 ,129,76.000,-14.306
1.05 ,130,78.000,-14.691
1.05 ,131,80.000,-15.241
1.05 ,132,82.000,-16.032
1.05 ,133,84.000,-17.137
1.05 ,134,86.000,-18.634
1.05 ,135,88.000,-20.592
1.05 ,136,90.000,-22.975
1.05 ,137,92.000,-25.169
1.05 ,138,94.000,-25.519
1.05 ,139,96.000,-23.892
1.05 ,140,98.000,-21.966
1.05 ,141,100.000,-20.453
1.05 ,142,102.000,-19.418
1.05 ,143,104.000,-18.793
1.05 ,144,106.000,-18.493
1.05 ,145,108.000,-18.427
1.05 ,146,110.000,-18.484
1.05 ,147,112.000,-18.529
1.05 ,148,114.000,-18.423
1.05 ,149,116.000,-18.079
1.05 ,150,118.000,-17.513
1.05 ,151,120.000,-16.822
1.05 ,152,122.000,-16.121
1.05 ,153,124.000,-15.503
1.05 ,154,126.000,-15.029
1.05 ,155,128.000,-14.734
1.05 ,156,130.000,-14.639
1.05 ,157,132.000,-14.761
1.05 ,158,134.000,-15.114
1.05 ,159,136.000,-15.711
1.05 ,160,138.000,-16.563
1.05 ,161,140.000,-17.658
1.05 ,162,142.000,-18.920
1.05 ,163,144.000,-20.100
1.05 ,164,146.000,-20.689
1.05 ,165,148.000,-20.252
1.05 ,166,150.000,-19.009
1.05 ,167,152.000,-17.504
1.05 ,168,154.000,-16.076
1.05 ,169,156.000,-14.844
1.05 ,170,158.000,-13.828
1.05 ,171,160.000,-13.016
1.05 ,172,162.000,-12.391
1.05 ,173,164.000,-11.938
1.05 ,174,166.000,-11.645
1.05 ,175,168.000,-11.505
1.05 ,176,170.000,-11.514
1.05 ,177,172.000,-11.674
1.05 ,178,174.000,-11.988
1.05 ,179,176.000,-12.465
1.05 ,180,178.000,-13.114
1.05 ,181,180.000,-13.948
1.08 ,1,-180.000,-13.002
1.08 ,2,-178.000,-13.844
1.08 ,3,-176.000,-14.881
1.08 ,4,-174.000,-16.104
1.08 ,5,-172.000,-17.452
1.08 ,6,-170.000,-18.750
1.08 ,7,-168.000,-19.653
1.08 ,8,-166.000,-19.807
1.08 ,9,-164.000,-19.234
1.08 ,10,-162.000,-18.311
1.08 ,11,-160.000,-17.379
1.08 ,12,-158.000,-16.617
1.08 ,13,-156.000,-16.093
1.08 ,14,-154.000,-15.833
1.08 ,15,-152.000,-15.853
1.08 ,16,-150.000,-16.173
1.08 ,17,-148.000,-16.827
1.08 ,18,-146.000,-17.874
1.08 ,19,-144.000,-19.410
1.08 ,20,-142.000,-21.583
1.08 ,21,-140.000,-24.532
1.08 ,22,-138.000,-27.557
1.08 ,23,-136.000,-27.125
1.08 ,24,-134.000,-23.970
1.08 ,25,-132.000,-21.230
1.08 ,26,-130.000,-19.290
1.08 ,27,-128.000,-18.004
1.08 ,28,-126.000,-17.254
1.08 ,29,-124.000,-16.979
1.08 ,30,-122.000,-17.158
1.08 ,31,-120.000,-17.807
1.08 ,32,-118.000,-18.968
1.08 ,33,-116.000,-20.672
1.08 ,34,-114.000,-22.712
1.08 ,35,-112.000,-23.904
1.08 ,36,-110.000,-22.692
1.08 ,37,-108.000,-20.250
1.08 ,38,-106.000,-18.008
1.08 ,39,-104.000,-16.275
1.08 ,40,-102.000,-15.025
1.08 ,41,-100.000,-14.196
1.08 ,42,-98.000,-13.739
1.08 ,43,-96.000,-13.625
1.08 ,44,-94.000,-13.843
1.08 ,45,-92.000,-14.391
1.08 ,46,-90.000,-15.282
1.08 ,47,-88.000,-16.533
1.08 ,48,-86.000,-18.151
1.08 ,49,-84.000,-20.090
1.08 ,50,-82.000,-22.128
1.08 ,51,-80.000,-23.721
1.08 ,52,-78.000,-24.356
1.08 ,53,-76.000,-24.339
1.08 ,54,-74.000,-24.443
1.08 ,55,-72.000,-25.251
1.08 ,56,-70.000,-27.280
1.08 ,57,-68.000,-31.160
1.08 ,58,-66.000,-32.260
1.08 ,59,-64.000,-26.013
1.08 ,60,-62.000,-21.183
1.08 ,61,-60.000,-17.754
1.08 ,62,-58.000,-15.177
1.08 ,63,-56.000,-13.167
1.08 ,64,-54.000,-11.564
1.08 ,65,-52.000,-10.271
1.08 ,66,-50.000,-9.218
1.08 ,67,-48.000,-8.351
1.08 ,68,-46.000,-7.628
1.08 ,69,-44.000,-7.009
1.08 ,70,-42.000,-6.462
1.08 ,71,-40.000,-5.959
1.08 ,72,-38.000,-5.478
1.08 ,73,-36.000,-5.008
1.08 ,74,-34.000,-4.542
1.08 ,75,-32.000,-4.084
1.08 ,76,-30.000,-3.639
1.08 ,77,-28.000,-3.214
1.08 ,78,-26.000,-2.817
1.08 ,79,-24.000,-2.450
1.08 ,80,-22.000,-2.117
1.08 ,81,-20.000,-1.815
1.08 ,82,-18.000,-1.541
1.08 ,83,-16.000,-1.292
1.08 ,84,-14.000,-1.065
1.08 ,85,-12.000,-0.856
1.08 ,86,-10.000,-0.665
1.08 ,87,-8.000,-0.493
1.08 ,88,-6.000,-0.340
1.08 ,89,-4.000,-0.212
1.08 ,90,-2.000,-0.111
1.08 ,91,0.000,-0.041
1.08 ,92,2.000,-0.005
1.08 ,93,4.000,-0.004
1.08 ,94,6.000,-0.036
1.08 ,95,8.000,-0.100
1.08 ,96,10.000,-0.192
1.08 ,97,12.000,-0.307
1.08 ,98,14.000,-0.440
1.08 ,99,16.000,-0.586
1.08 ,100,18.000,-0.742
1.08 ,101,20.000,-0.907
1.08 ,102,22.000,-1.079
1.08 ,103,24.000,-1.261
1.08 ,104,26.000,-1.454
1.08 ,105,28.000,-1.661
1.08 ,106,30.000,-1.885
1.08 ,107,32.000,-2.126
1.08 ,108,34.000,-2.382
1.08 ,109,36.000,-2.651
1.08 ,110,38.000,-2.927
1.08 ,111,40.000,-3.203
1.08 ,112,42.000,-3.474
1.08 ,113,44.000,-3.736
1.08 ,114,46.000,-3.992
1.08 ,115,48.000,-4.247
1.08 ,116,50.000,-4.513
1.08 ,117,52.000,-4.807
1.08 ,118,54.000,-5.147
1.08 ,119,56.000,-5.554
1.08 ,120,58.000,-6.047
1.08 ,121,60.000,-6.644
1.08 ,122,62.000,-7.360
1.08 ,123,64.000,-8.201
1.08 ,124,66.000,-9.164
1.08 ,125,68.000,-10.223
1.08 ,126,70.000,-11.323
1.08 ,127,72.000,-12.372
1.08 ,128,74.000,-13.258
1.08 ,129,76.000,-13.907
1.08 ,130,78.000,-14.336
1.08 ,131,80.000,-14.661
1.08 ,132,82.000,-15.033
1.08 ,133,84.000,-15.594
1.08 ,134,86.000,-16.472
1.08 ,135,88.000,-17.804
1.08 ,136,90.000,-19.789
1.08 ,137,92.000,-22.808
1.08 ,138,94.000,-27.723
1.08 ,139,96.000,-33.605
1.08 ,140,98.000,-27.892
1.08 ,141,100.000,-23.069
1.08 ,142,102.000,-20.154
1.08 ,143,104.000,-18.279
1.08 ,144,106.000,-17.068
1.08 ,145,108.000,-16.327
1.08 ,146,110.000,-15.937
1.08 ,147,112.000,-15.798
1.08 ,148,114.000,-15.809
1.08 ,149,116.000,-15.851
1.08 ,150,118.000,-15.800
1.08 ,151,120.000,-15.567
1.08 ,152,122.000,-15.141
1.08 ,153,124.000,-14.589
1.08 ,154,126.000,-14.011
1.08 ,155,128.000,-13.493
1.08 ,156,130.000,-13.097
1.08 ,157,132.000,-12.860
1.08 ,158,134.000,-12.801
1.08 ,159,136.000,-12.932
1.08 ,160,138.000,-13.259
1.08 ,161,140.000,-13.781
1.08 ,162,142.000,-14.487
1.08 ,163,144.000,-15.337
1.08 ,164,146.000,-16.239
1.08 ,165,148.000,-17.006
1.08 ,166,150.000,-17.379
1.08 ,167,152.000,-17.177
1.08 ,168,154.000,-16.473
1.08 ,169,156.000,-15.514
1.08 ,170,158.000,-14.521
1.08 ,171,160.000,-13.617
1.08 ,172,162.000,-12.856
1.08 ,173,164.000,-12.253
1.08 ,174,166.000,-11.808
1.08 ,175,168.000,-11.518
1.08 ,176,170.000,-11.379
1.08 ,177,172.000,-11.389
1.08 ,178,174.000,-11.550
1.08 ,179,176.000,-11.866
1.08 ,180,178.000,-12.346
1.08 ,181,180.000,-13.002
1.10 ,1,-180.000,-10.290
1.10 ,2,-178.000,-10.674
1.10 ,3,-176.000,-11.207
1.10 ,4,-174.000,-11.836
1.10 ,5,-172.000,-12.473
1.10 ,6,-170.000,-12.980
1.10 ,7,-168.000,-13.206
1.10 ,8,-166.000,-13.075
1.10 ,9,-164.000,-12.645
1.10 ,10,-162.000,-12.061
1.10 ,11,-160.000,-11.472
1.10 ,12,-158.000,-10.980
1.10 ,13,-156.000,-10.645
1.10 ,14,-154.000,-10.502
1.10 ,15,-152.000,-10.573
1.10 ,16,-150.000,-10.876
1.10 ,17,-148.000,-11.437
1.10 ,18,-146.000,-12.287
1.10 ,19,-144.000,-13.482
1.10 ,20,-142.000,-15.112
1.10 ,21,-140.000,-17.340
1.10 ,22,-138.000,-20.507
1.10 ,23,-136.000,-25.517
1.10 ,24,-134.000,-35.970
1.10 ,25,-132.000,-31.189
1.10 ,26,-130.000,-24.658
1.10 ,27,-128.000,-21.498
1.10 ,28,-126.000,-19.757
1.10 ,29,-124.000,-18.881
1.10 ,30,-122.000,-18.661
1.10 ,31,-120.000,-19.026
1.10 ,32,-118.000,-19.970
1.10 ,33,-116.000,-21.509
1.10 ,34,-114.000,-23.486
1.10 ,35,-112.000,-24.901
1.10 ,36,-110.000,-24.023
1.10 ,37,-108.000,-21.650
1.10 ,38,-106.000,-19.374
1.10 ,39,-104.000,-17.608
1.10 ,40,-102.000,-16.344
1.10 ,41,-100.000,-15.510
1.10 ,42,-98.000,-15.048
1.10 ,43,-96.000,-14.906
1.10 ,44,-94.000,-15.039
1.10 ,45,-92.000,-15.391
1.10 ,46,-90.000,-15.880
1.10 ,47,-88.000,-16.387
1.10 ,48,-86.000,-16.770
1.10 ,49,-84.000,-16.915
1.10 ,50,-82.000,-16.814
1.10 ,51,-80.000,-16.563
1.10 ,52,-78.000,-16.295
1.10 ,53,-76.000,-16.115
1.10 ,54,-74.000,-16.079
1.10 ,55,-72.000,-16.192
1.10 ,56,-70.000,-16.412
1.10 ,57,-68.000,-16.649
1.10 ,58,-66.000,-16.772
1.10 ,59,-64.000,-16.656
1.10 ,60,-62.000,-16.252
1.10 ,61,-60.000,-15.615
1.10 ,62,-58.000,-14.855
1.10 ,63,-56.000,-14.065
1.10 ,64,-54.000,-13.294
1.10 ,65,-52.000,-12.552
1.10 ,66,-50.000,-11.820
1.10 ,67,-48.000,-11.071
1.10 ,68,-46.000,-10.285
1.10 ,69,-44.000,-9.455
1.10 ,70,-42.000,-8.593
1.10 ,71,-40.000,-7.723
1.10 ,72,-38.000,-6.873
1.10 ,73,-36.000,-6.067
1.10 ,74,-34.000,-5.322
1.10 ,75,-32.000,-4.647
1.10 ,76,-30.000,-4.048
1.10 ,77,-28.000,-3.521
1.10 ,78,-26.000,-3.060
1.10 ,79,-24.000,-2.658
1.10 ,80,-22.000,-2.305
1.10 ,81,-20.000,-1.992
1.10 ,82,-18.000,-1.709
1.10 ,83,-16.000,-1.451
1.10 ,84,-14.000,-1.211
1.10 ,85,-12.000,-0.988
1.10 ,86,-10.000,-0.782
1.10 ,87,-8.000,-0.594
1.10 ,88,-6.000,-0.427
1.10 ,89,-4.000,-0.285
1.10 ,90,-2.000,-0.171
1.10 ,91,0.000,-0.086
1.10 ,92,2.000,-0.031
1.10 ,93,4.000,-0.006
1.10 ,94,6.000,-0.008
1.10 ,95,8.000,-0.032
1.10 ,96,10.000,-0.075
1.10 ,97,12.000,-0.131
1.10 ,98,14.000,-0.195
1.10 ,99,16.000,-0.263
1.10 ,100,18.000,-0.333
1.10 ,101,20.000,-0.405
1.10 ,102,22.000,-0.479
1.10 ,103,24.000,-0.560
1.10 ,104,26.000,-0.652
1.10 ,105,28.000,-0.760
1.10 ,106,30.000,-0.889
1.10 ,107,32.000,-1.043
1.10 ,108,34.000,-1.223
1.10 ,109,36.000,-1.428
1.10 ,110,38.000,-1.654
1.10 ,111,40.000,-1.895
1.10 ,112,42.000,-2.143
1.10 ,113,44.000,-2.389
1.10 ,114,46.000,-2.628
1.10 ,115,48.000,-2.857
1.10 ,116,50.000,-3.082
1.10 ,117,52.000,-3.313
1.10 ,118,54.000,-3.569
1.10 ,119,56.000,-3.873
1.10 ,120,58.000,-4.249
1.10 ,121,60.000,-4.723
1.10 ,122,62.000,-5.320
1.10 ,123,64.000,-6.065
1.10 ,124,66.000,-6.982
1.10 ,125,68.000,-8.091
1.10 ,126,70.000,-9.408
1.10 ,127,72.000,-10.934
1.10 ,128,74.000,-12.633
1.10 ,129,76.000,-14.391
1.10 ,130,78.000,-15.975
1.10 ,131,80.000,-17.105
1.10 ,132,82.000,-17.710
1.10 ,133,84.000,-18.048
1.10 ,134,86.000,-18.496
1.10 ,135,88.000,-19.379
1.10 ,136,90.000,-21.022
1.10 ,137,92.000,-24.006
1.10 ,138,94.000,-30.261
1.10 ,139,96.000,-41.030
1.10 ,140,98.000,-26.234
1.10 ,141,100.000,-20.832
1.10 ,142,102.000,-17.598
1.10 ,143,104.000,-15.417
1.10 ,144,106.000,-13.901
1.10 ,145,108.000,-12.869
1.10 ,146,110.000,-12.222
1.10 ,147,112.000,-11.896
1.10 ,148,114.000,-11.845
1.10 ,149,116.000,-12.023
1.10 ,150,118.000,-12.371
1.10 ,151,120.000,-12.806
1.10 ,152,122.000,-13.206
1.10 ,153,124.000,-13.433
1.10 ,154,126.000,-13.385
1.10 ,155,128.000,-13.065
1.10 ,156,130.000,-12.570
1.10 ,157,132.000,-12.024
1.10 ,158,134.000,-11.533
1.10 ,159,136.000,-11.160
1.10 ,160,138.000,-10.942
1.10 ,161,140.000,-10.901
1.10 ,162,142.000,-11.049
1.10 ,163,144.000,-11.399
1.10 ,164,146.000,-11.964
1.10 ,165,148.000,-12.756
1.10 ,166,150.000,-13.782
1.10 ,167,152.000,-15.021
1.10 ,168,154.000,-16.360
1.10 ,169,156.000,-17.476
1.10 ,170,158.000,-17.823
1.10 ,171,160.000,-17.139
1.10 ,172,162.000,-15.821
1.10 ,173,164.000,-14.385
1.10 ,174,166.000,-13.093
1.10 ,175,168.000,-12.028
1.10 ,176,170.000,-11.202
1.10 ,177,172.000,-10.606
1.10 ,178,174.000,-10.227
1.10 ,179,176.000,-10.055
1.10 ,180,178.000,-10.079
1.10 ,181,180.000,-10.290
1.13 ,1,-180.000,-10.295
1.13 ,2,-178.000,-10.211
1.13 ,3,-176.000,-10.232
1.13 ,4,-174.000,-10.307
1.13 ,5,-172.000,-10.373
1.13 ,6,-170.000,-10.370
1.13 ,7,-168.000,-10.249
1.13 ,8,-166.000,-9.999
1.13 ,9,-164.000,-9.645
1.13 ,10,-162.000,-9.241
1.13 ,11,-160.000,-8.847
1.13 ,12,-158.000,-8.516
1.13 ,13,-156.000,-8.291
1.13 ,14,-154.000,-8.204
1.13 ,15,-152.000,-8.280
1.13 ,16,-150.000,-8.540
1.13 ,17,-148.000,-9.006
1.13 ,18,-146.000,-9.697
1.13 ,19,-144.000,-10.635
1.13 ,20,-142.000,-11.828
1.13 ,21,-140.000,-13.241
1.13 ,22,-138.000,-14.707
1.13 ,23,-136.000,-15.800
1.13 ,24,-134.000,-15.966
1.13 ,25,-132.000,-15.185
1.13 ,26,-130.000,-14.006
1.13 ,27,-128.000,-12.887
1.13 ,28,-126.000,-12.017
1.13 ,29,-124.000,-11.450
1.13 ,30,-122.000,-11.197
1.13 ,31,-120.000,-11.258
1.13 ,32,-118.000,-11.644
1.13 ,33,-116.000,-12.377
1.13 ,34,-114.000,-13.499
1.13 ,35,-112.000,-15.086
1.13 ,36,-110.000,-17.262
1.13 ,37,-108.000,-20.232
1.13 ,38,-106.000,-24.166
1.13 ,39,-104.000,-27.558
1.13 ,40,-102.000,-26.088
1.13 ,41,-100.000,-23.256
1.13 ,42,-98.000,-21.404
1.13 ,43,-96.000,-20.469
1.13 ,44,-94.000,-20.243
1.13 ,45,-92.000,-20.528
1.13 ,46,-90.000,-21.009
1.13 ,47,-88.000,-21.103
1.13 ,48,-86.000,-20.249
1.13 ,49,-84.000,-18.613
1.13 ,50,-82.000,-16.787
1.13 ,51,-80.000,-15.136
1.13 ,52,-78.000,-13.770
1.13 ,53,-76.000,-12.696
1.13 ,54,-74.000,-11.884
1.13 ,55,-72.000,-11.299
1.13 ,56,-70.000,-10.905
1.13 ,57,-68.000,-10.673
1.13 ,58,-66.000,-10.573
1.13 ,59,-64.000,-10.576
1.13 ,60,-62.000,-10.651
1.13 ,61,-60.000,-10.761
1.13 ,62,-58.000,-10.854
1.13 ,63,-56.000,-10.863
1.13 ,64,-54.000,-10.720
1.13 ,65,-52.000,-10.377
1.13 ,66,-50.000,-9.829
1.13 ,67,-48.000,-9.120
1.13 ,68,-46.000,-8.319
1.13 ,69,-44.000,-7.495
1.13 ,70,-42.000,-6.699
1.13 ,71,-40.000,-5.966
1.13 ,72,-38.000,-5.313
1.13 ,73,-36.000,-4.748
1.13 ,74,-34.000,-4.269
1.13 ,75,-32.000,-3.872
1.13 ,76,-30.000,-3.546
1.13 ,77,-28.000,-3.278
1.13 ,78,-26.000,-3.053
1.13 ,79,-24.000,-2.857
1.13 ,80,-22.000,-2.675
1.13 ,81,-20.000,-2.498
1.13 ,82,-18.000,-2.318
1.13 ,83,-16.000,-2.134
1.13 ,84,-14.000,-1.946
1.13 ,85,-12.000,-1.756
1.13 ,86,-10.000,-1.570
1.13 ,87,-8.000,-1.390
1.13 ,88,-6.000,-1.220
1.13 ,89,-4.000,-1.062
1.13 ,90,-2.000,-0.920
1.13 ,91,0.000,-0.793
1.13 ,92,2.000,-0.682
1.13 ,93,4.000,-0.589
1.13 ,94,6.000,-0.512
1.13 ,95,8.000,-0.452
1.13 ,96,10.000,-0.408
1.13 ,97,12.000,-0.381
1.13 ,98,14.000,-0.367
1.13 ,99,16.000,-0.367
1.13 ,100,18.000,-0.378
1.13 ,101,20.000,-0.397
1.13 ,102,22.000,-0.424
1.13 ,103,24.000,-0.458
1.13 ,104,26.000,-0.503
1.13 ,105,28.000,-0.564
1.13 ,106,30.000,-0.648
1.13 ,107,32.000,-0.765
1.13 ,108,34.000,-0.925
1.13 ,109,36.000,-1.136
1.13 ,110,38.000,-1.404
1.13 ,111,40.000,-1.731
1.13 ,112,42.000,-2.115
1.13 ,113,44.000,-2.545
1.13 ,114,46.000,-3.007
1.13 ,115,48.000,-3.478
1.13 ,116,50.000,-3.933
1.13 ,117,52.000,-4.351
1.13 ,118,54.000,-4.719
1.13 ,119,56.000,-5.044
1.13 ,120,58.000,-5.350
1.13 ,121,60.000,-5.674
1.13 ,122,62.000,-6.058
1.13 ,123,64.000,-6.543
1.13 ,124,66.000,-7.168
1.13 ,125,68.000,-7.966
1.13 ,126,70.000,-8.968
1.13 ,127,72.000,-10.207
1.13 ,128,74.000,-11.715
1.13 ,129,76.000,-13.532
1.13 ,130,78.000,-15.700
1.13 ,131,80.000,-18.252
1.13 ,132,82.000,-21.168
1.13 ,133,84.000,-24.223
1.13 ,134,86.000,-26.763
1.13 ,135,88.000,-28.054
1.13 ,136,90.000,-28.212
1.13 ,137,92.000,-27.498
1.13 ,138,94.000,-25.777
1.13 ,139,96.000,-23.341
1.13 ,140,98.000,-20.812
1.13 ,141,100.000,-18.561
1.13 ,142,102.000,-16.695
1.13 ,143,104.000,-15.220
1.13 ,144,106.000,-14.112
1.13 ,145,108.000,-13.346
1.13 ,146,110.000,-12.905
1.13 ,147,112.000,-12.776
1.13 ,148,114.000,-12.958
1.13 ,149,116.000,-13.452
1.13 ,150,118.000,-14.260
1.13 ,151,120.000,-15.369
1.13 ,152,122.000,-16.695
1.13 ,153,124.000,-17.966
1.13 ,154,126.000,-18.626
1.13 ,155,128.000,-18.223
1.13 ,156,130.000,-17.040
1.13 ,157,132.000,-15.662
1.13 ,158,134.000,-14.425
1.13 ,159,136.000,-13.438
1.13 ,160,138.000,-12.717
1.13 ,161,140.000,-12.253
1.13 ,162,142.000,-12.036
1.13 ,163,144.000,-12.064
1.13 ,164,146.000,-12.342
1.13 ,165,148.000,-12.889
1.13 ,166,150.000,-13.744
1.13 ,167,152.000,-14.973
1.13 ,168,154.000,-16.689
1.13 ,169,156.000,-19.082
1.13 ,170,158.000,-22.398
1.13 ,171,160.000,-25.879
1.13 ,172,162.000,-24.682
1.13 ,173,164.000,-20.784
1.13 ,174,166.000,-17.678
1.13 ,175,168.000,-15.410
1.13 ,176,170.000,-13.736
1.13 ,177,172.000,-12.493
1.13 ,178,174.000,-11.584
1.13 ,179,176.000,-10.944
1.13 ,180,178.000,-10.527
1.13 ,181,180.000,-10.295
1.15 ,1,-180.000,-14.108
1.15 ,2,-178.000,-13.542
1.15 ,3,-176.000,-13.055
1.15 ,4,-174.000,-12.685
1.15 ,5,-172.000,-12.452
1.15 ,6,-170.000,-12.352
1.15 ,7,-168.000,-12.358
1.15 ,8,-166.000,-12.414
1.15 ,9,-164.000,-12.435
1.15 ,10,-162.000,-12.329
1.15 ,11,-160.000,-12.045
1.15 ,12,-158.000,-11.608
1.15 ,13,-156.000,-11.106
1.15 ,14,-154.000,-10.650
1.15 ,15,-152.000,-10.330
1.15 ,16,-150.000,-10.205
1.15 ,17,-148.000,-10.312
1.15 ,18,-146.000,-10.667
1.15 ,19,-144.000,-11.270
1.15 ,20,-142.000,-12.101
1.15 ,21,-140.000,-13.100
1.15 ,22,-138.000,-14.122
1.15 ,23,-136.000,-14.908
1.15 ,24,-134.000,-15.152
1.15 ,25,-132.000,-14.758
1.15 ,26,-130.000,-13.950
1.15 ,27,-128.000,-13.035
1.15 ,28,-126.000,-12.220
1.15 ,29,-124.000,-11.604
1.15 ,30,-122.000,-11.229
1.15 ,31,-120.000,-11.112
1.15 ,32,-118.000,-11.262
1.15 ,33,-116.000,-11.688
1.15 ,34,-114.000,-12.405
1.15 ,35,-112.000,-13.437
1.15 ,36,-110.000,-14.820
1.15 ,37,-108.000,-16.614
1.15 ,38,-106.000,-18.920
1.15 ,39,-104.000,-21.910
1.15 ,40,-102.000,-25.872
1.15 ,41,-100.000,-30.792
1.15 ,42,-98.000,-32.435
1.15 ,43,-96.000,-29.400
1.15 ,44,-94.000,-27.099
1.15 ,45,-92.000,-26.107
1.15 ,46,-90.000,-26.392
1.15 ,47,-88.000,-28.387
1.15 ,48,-86.000,-34.226
1.15 ,49,-84.000,-39.176
1.15 ,50,-82.000,-26.677
1.15 ,51,-80.000,-21.006
1.15 ,52,-78.000,-17.367
1.15 ,53,-76.000,-14.801
1.15 ,54,-74.000,-12.950
1.15 ,55,-72.000,-11.635
1.15 ,56,-70.000,-10.747
1.15 ,57,-68.000,-10.208
1.15 ,58,-66.000,-9.946
1.15 ,59,-64.000,-9.888
1.15 ,60,-62.000,-9.940
1.15 ,61,-60.000,-9.988
1.15 ,62,-58.000,-9.895
1.15 ,63,-56.000,-9.549
1.15 ,64,-54.000,-8.916
1.15 ,65,-52.000,-8.062
1.15 ,66,-50.000,-7.112
1.15 ,67,-48.000,-6.187
1.15 ,68,-46.000,-5.371
1.15 ,69,-44.000,-4.710
1.15 ,70,-42.000,-4.221
1.15 ,71,-40.000,-3.895
1.15 ,72,-38.000,-3.708
1.15 ,73,-36.000,-3.618
1.15 ,74,-34.000,-3.573
1.15 ,75,-32.000,-3.517
1.15 ,76,-30.000,-3.399
1.15 ,77,-28.000,-3.191
1.15 ,78,-26.000,-2.890
1.15 ,79,-24.000,-2.520
1.15 ,80,-22.000,-2.119
1.15 ,81,-20.000,-1.732
1.15 ,82,-18.000,-1.397
1.15 ,83,-16.000,-1.141
1.15 ,84,-14.000,-0.980
1.15 ,85,-12.000,-0.915
1.15 ,86,-10.000,-0.934
1.15 ,87,-8.000,-1.010
1.15 ,88,-6.000,-1.112
1.15 ,89,-4.000,-1.202
1.15 ,90,-2.000,-1.248
1.15 ,91,0.000,-1.230
1.15 ,92,2.000,-1.144
1.15 ,93,4.000,-0.997
1.15 ,94,6.000,-0.811
1.15 ,95,8.000,-0.614
1.15 ,96,10.000,-0.437
1.15 ,97,12.000,-0.308
1.15 ,98,14.000,-0.250
1.15 ,99,16.000,-0.276
1.15 ,100,18.000,-0.391
1.15 ,101,20.000,-0.584
1.15 ,102,22.000,-0.836
1.15 ,103,24.000,-1.121
1.15 ,104,26.000,-1.405
1.15 ,105,28.000,-1.658
1.15 ,106,30.000,-1.860
1.15 ,107,32.000,-2.001
1.15 ,108,34.000,-2.094
1.15 ,109,36.000,-2.164
1.15 ,110,38.000,-2.249
1.15 ,111,40.000,-2.387
1.15 ,112,42.000,-2.616
1.15 ,113,44.000,-2.965
1.15 ,114,46.000,-3.449
1.15 ,115,48.000,-4.072
1.15 ,116,50.000,-4.816
1.15 ,117,52.000,-5.647
1.15 ,118,54.000,-6.505
1.15 ,119,56.000,-7.314
1.15 ,120,58.000,-7.996
1.15 ,121,60.000,-8.499
1.15 ,122,62.000,-8.817
1.15 ,123,64.000,-8.998
1.15 ,124,66.000,-9.118
1.15 ,125,68.000,-9.262
1.15 ,126,70.000,-9.504
1.15 ,127,72.000,-9.907
1.15 ,128,74.000,-10.516
1.15 ,129,76.000,-11.363
1.15 ,130,78.000,-12.461
1.15 ,131,80.000,-13.804
1.15 ,132,82.000,-15.349
1.15 ,133,84.000,-16.999
1.15 ,134,86.000,-18.573
1.15 ,135,88.000,-19.806
1.15 ,136,90.000,-20.437
1.15 ,137,92.000,-20.390
1.15 ,138,94.000,-19.846
1.15 ,139,96.000,-19.095
1.15 ,140,98.000,-18.379
1.15 ,141,100.000,-17.846
1.15 ,142,102.000,-17.558
1.15 ,143,104.000,-17.517
1.15 ,144,106.000,-17.671
1.15 ,145,108.000,-17.923
1.15 ,146,110.000,-18.162
1.15 ,147,112.000,-18.327
1.15 ,148,114.000,-18.459
1.15 ,149,116.000,-18.694
1.15 ,150,118.000,-19.207
1.15 ,151,120.000,-20.175
1.15 ,152,122.000,-21.785
1.15 ,153,124.000,-24.242
1.15 ,154,126.000,-27.449
1.15 ,155,128.000,-28.926
1.15 ,156,130.000,-26.383
1.15 ,157,132.000,-23.468
1.15 ,158,134.000,-21.368
1.15 ,159,136.000,-19.917
1.15 ,160,138.000,-18.870
1.15 ,161,140.000,-18.042
1.15 ,162,142.000,-17.331
1.15 ,163,144.000,-16.726
1.15 ,164,146.000,-16.292
1.15 ,165,148.000,-16.125
1.15 ,166,150.000,-16.333
1.15 ,167,152.000,-17.035
1.15 ,168,154.000,-18.393
1.15 ,169,156.000,-20.697
1.15 ,170,158.000,-24.599
1.15 ,171,160.000,-31.748
1.15 ,172,162.000,-31.166
1.15 ,173,164.000,-24.530
1.15 ,174,166.000,-20.953
1.15 ,175,168.000,-18.817
1.15 ,176,170.000,-17.465
1.15 ,177,172.000,-16.561
1.15 ,178,174.000,-15.887
1.15 ,179,176.000,-15.294
1.15 ,180,178.000,-14.704
1.15 ,181,180.000,-14.108
1.18 ,1,-180.000,-13.511
1.18 ,2,-178.000,-13.697
1.18 ,3,-176.000,-14.127
1.18 ,4,-174.000,-14.753
1.18 ,5,-172.000,-15.488
1.18 ,6,-170.000,-16.179
1.18 ,7,-168.000,-16.635
1.18 ,8,-166.000,-16.717
1.18 ,9,-164.000,-16.440
1.18 ,10,-162.000,-15.946
1.18 ,11,-160.000,-15.394
1.18 ,12,-158.000,-14.892
1.18 ,13,-156.000,-14.499
1.18 ,14,-154.000,-14.246
1.18 ,15,-152.000,-14.151
1.18 ,16,-150.000,-14.230
1.18 ,17,-148.000,-14.505
1.18 ,18,-146.000,-15.004
1.18 ,19,-144.000,-15.765
1.18 ,20,-142.000,-16.839
1.18 ,21,-140.000,-18.297
1.18 ,22,-138.000,-20.243
1.18 ,23,-136.000,-22.835
1.18 ,24,-134.000,-26.260
1.18 ,25,-132.000,-30.149
1.18 ,26,-130.000,-30.946
1.18 ,27,-128.000,-28.077
1.18 ,28,-126.000,-25.344
1.18 ,29,-124.000,-23.270
1.18 ,30,-122.000,-21.637
1.18 ,31,-120.000,-20.285
1.18 ,32,-118.000,-19.149
1.18 ,33,-116.000,-18.218
1.18 ,34,-114.000,-17.504
1.18 ,35,-112.000,-17.022
1.18 ,36,-110.000,-16.783
1.18 ,37,-108.000,-16.797
1.18 ,38,-106.000,-17.080
1.18 ,39,-104.000,-17.659
1.18 ,40,-102.000,-18.581
1.18 ,41,-100.000,-19.923
1.18 ,42,-98.000,-21.777
1.18 ,43,-96.000,-24.163
1.18 ,44,-94.000,-26.491
1.18 ,45,-92.000,-26.823
1.18 ,46,-90.000,-25.035
1.18 ,47,-88.000,-23.187
1.18 ,48,-86.000,-22.060
1.18 ,49,-84.000,-21.759
1.18 ,50,-82.000,-22.310
1.18 ,51,-80.000,-23.716
1.18 ,52,-78.000,-25.526
1.18 ,53,-76.000,-25.557
1.18 ,54,-74.000,-22.840
1.18 ,55,-72.000,-19.819
1.18 ,56,-70.000,-17.437
1.18 ,57,-68.000,-15.678
1.18 ,58,-66.000,-14.401
1.18 ,59,-64.000,-13.471
1.18 ,60,-62.000,-12.762
1.18 ,61,-60.000,-12.149
1.18 ,62,-58.000,-11.515
1.18 ,63,-56.000,-10.774
1.18 ,64,-54.000,-9.901
1.18 ,65,-52.000,-8.928
1.18 ,66,-50.000,-7.925
1.18 ,67,-48.000,-6.962
1.18 ,68,-46.000,-6.091
1.18 ,69,-44.000,-5.344
1.18 ,70,-42.000,-4.728
1.18 ,71,-40.000,-4.239
1.18 ,72,-38.000,-3.856
1.18 ,73,-36.000,-3.554
1.18 ,74,-34.000,-3.298
1.18 ,75,-32.000,-3.061
1.18 ,76,-30.000,-2.818
1.18 ,77,-28.000,-2.558
1.18 ,78,-26.000,-2.281
1.18 ,79,-24.000,-1.997
1.18 ,80,-22.000,-1.721
1.18 ,81,-20.000,-1.466
1.18 ,82,-18.000,-1.247
1.18 ,83,-16.000,-1.069
1.18 ,84,-14.000,-0.935
1.18 ,85,-12.000,-0.841
1.18 ,86,-10.000,-0.776
1.18 ,87,-8.000,-0.727
1.18 ,88,-6.000,-0.683
1.18 ,89,-4.000,-0.633
1.18 ,90,-2.000,-0.574
1.18 ,91,0.000,-0.505
1.18 ,92,2.000,-0.432
1.18 ,93,4.000,-0.359
1.18 ,94,6.000,-0.292
1.18 ,95,8.000,-0.239
1.18 ,96,10.000,-0.205
1.18 ,97,12.000,-0.196
1.18 ,98,14.000,-0.216
1.18 ,99,16.000,-0.269
1.18 ,100,18.000,-0.354
1.18 ,101,20.000,-0.467
1.18 ,102,22.000,-0.601
1.18 ,103,24.000,-0.750
1.18 ,104,26.000,-0.908
1.18 ,105,28.000,-1.070
1.18 ,106,30.000,-1.235
1.18 ,107,32.000,-1.404
1.18 ,108,34.000,-1.586
1.18 ,109,36.000,-1.790
1.18 ,110,38.000,-2.033
1.18 ,111,40.000,-2.331
1.18 ,112,42.000,-2.699
1.18 ,113,44.000,-3.149
1.18 ,114,46.000,-3.684
1.18 ,115,48.000,-4.300
1.18 ,116,50.000,-4.980
1.18 ,117,52.000,-5.692
1.18 ,118,54.000,-6.393
1.18 ,119,56.000,-7.031
1.18 ,120,58.000,-7.559
1.18 ,121,60.000,-7.952
1.18 ,122,62.000,-8.221
1.18 ,123,64.000,-8.415
1.18 ,124,66.000,-8.602
1.18 ,125,68.000,-8.852
1.18 ,126,70.000,-9.227
1.18 ,127,72.000,-9.771
1.18 ,128,74.000,-10.514
1.18 ,129,76.000,-11.473
1.18 ,130,78.000,-12.652
1.18 ,131,80.000,-14.043
1.18 ,132,82.000,-15.618
1.18 ,133,84.000,-17.314
1.18 ,134,86.000,-18.986
1.18 ,135,88.000,-20.347
1.18 ,136,90.000,-21.036
1.18 ,137,92.000,-20.959
1.18 ,138,94.000,-20.434
1.18 ,139,96.000,-19.848
1.18 ,140,98.000,-19.411
1.18 ,141,100.000,-19.169
1.18 ,142,102.000,-19.067
1.18 ,143,104.000,-19.007
1.18 ,144,106.000,-18.910
1.18 ,145,108.000,-18.782
1.18 ,146,110.000,-18.723
1.18 ,147,112.000,-18.878
1.18 ,148,114.000,-19.395
1.18 ,149,116.000,-20.415
1.18 ,150,118.000,-22.111
1.18 ,151,120.000,-24.738
1.18 ,152,122.000,-28.651
1.18 ,153,124.000,-32.554
1.18 ,154,126.000,-30.125
1.18 ,155,128.000,-26.219
1.18 ,156,130.000,-23.479
1.18 ,157,132.000,-21.551
1.18 ,158,134.000,-20.125
1.18 ,159,136.000,-19.049
1.18 ,160,138.000,-18.265
1.18 ,161,140.000,-17.766
1.18 ,162,142.000,-17.573
1.18 ,163,144.000,-17.716
1.18 ,164,146.000,-18.233
1.18 ,165,148.000,-19.177
1.18 ,166,150.000,-20.621
1.18 ,167,152.000,-22.676
1.18 ,168,154.000,-25.459
1.18 ,169,156.000,-28.648
1.18 ,170,158.000,-29.593
1.18 ,171,160.000,-26.958
1.18 ,172,162.000,-23.955
1.18 ,173,164.000,-21.511
1.18 ,174,166.000,-19.534
1.18 ,175,168.000,-17.895
1.18 ,176,170.000,-16.528
1.18 ,177,172.000,-15.411
1.18 ,178,174.000,-14.543
1.18 ,179,176.000,-13.933
1.18 ,180,178.000,-13.588
1.18 ,181,180.000,-13.511
1.20 ,1,-180.000,-14.224
1.20 ,2,-178.000,-14.489
1.20 ,3,-176.000,-14.616
1.20 ,4,-174.000,-14.636
1.20 ,5,-172.000,-14.605
1.20 ,6,-170.000,-14.557
1.20 ,7,-168.000,-14.476
1.20 ,8,-166.000,-14.301
1.20 ,9,-164.000,-13.961
1.20 ,10,-162.000,-13.441
1.20 ,11,-160.000,-12.811
1.20 ,12,-158.000,-12.194
1.20 ,13,-156.000,-11.712
1.20 ,14,-154.000,-11.455
1.20 ,15,-152.000,-11.484
1.20 ,16,-150.000,-11.843
1.20 ,17,-148.000,-12.573
1.20 ,18,-146.000,-13.726
1.20 ,19,-144.000,-15.391
1.20 ,20,-142.000,-17.741
1.20 ,21,-140.000,-21.146
1.20 ,22,-138.000,-26.458
1.20 ,23,-136.000,-31.823
1.20 ,24,-134.000,-26.279
1.20 ,25,-132.000,-21.985
1.20 ,26,-130.000,-19.510
1.20 ,27,-128.000,-18.120
1.20 ,28,-126.000,-17.522
1.20 ,29,-124.000,-17.617
1.20 ,30,-122.000,-18.410
1.20 ,31,-120.000,-19.970
1.20 ,32,-118.000,-22.304
1.20 ,33,-116.000,-24.511
1.20 ,34,-114.000,-23.832
1.20 ,35,-112.000,-21.092
1.20 ,36,-110.000,-18.708
1.20 ,37,-108.000,-17.109
1.20 ,38,-106.000,-16.218
1.20 ,39,-104.000,-15.947
1.20 ,40,-102.000,-16.251
1.20 ,41,-100.000,-17.132
1.20 ,42,-98.000,-18.632
1.20 ,43,-96.000,-20.804
1.20 ,44,-94.000,-23.425
1.20 ,45,-92.000,-24.797
1.20 ,46,-90.000,-23.095
1.20 ,47,-88.000,-20.512
1.20 ,48,-86.000,-18.500
1.20 ,49,-84.000,-17.229
1.20 ,50,-82.000,-16.667
1.20 ,51,-80.000,-16.815
1.20 ,52,-78.000,-17.736
1.20 ,53,-76.000,-19.570
1.20 ,54,-74.000,-22.433
1.20 ,55,-72.000,-25.220
1.20 ,56,-70.000,-24.003
1.20 ,57,-68.000,-20.850
1.20 ,58,-66.000,-18.440
1.20 ,59,-64.000,-16.808
1.20 ,60,-62.000,-15.625
1.20 ,61,-60.000,-14.579
1.20 ,62,-58.000,-13.449
1.20 ,63,-56.000,-12.173
1.20 ,64,-54.000,-10.828
1.20 ,65,-52.000,-9.522
1.20 ,66,-50.000,-8.335
1.20 ,67,-48.000,-7.305
1.20 ,68,-46.000,-6.440
1.20 ,69,-44.000,-5.735
1.20 ,70,-42.000,-5.170
1.20 ,71,-40.000,-4.717
1.20 ,72,-38.000,-4.340
1.20 ,73,-36.000,-3.999
1.20 ,74,-34.000,-3.666
1.20 ,75,-32.000,-3.327
1.20 ,76,-30.000,-2.988
1.20 ,77,-28.000,-2.671
1.20 ,78,-26.000,-2.397
1.20 ,79,-24.000,-2.182
1.20 ,80,-22.000,-2.025
1.20 ,81,-20.000,-1.917
1.20 ,82,-18.000,-1.836
1.20 ,83,-16.000,-1.754
1.20 ,84,-14.000,-1.647
1.20 ,85,-12.000,-1.491
1.20 ,86,-10.000,-1.278
1.20 ,87,-8.000,-1.016
1.20 ,88,-6.000,-0.732
1.20 ,89,-4.000,-0.459
1.20 ,90,-2.000,-0.231
1.20 ,91,0.000,-0.076
1.20 ,92,2.000,-0.005
1.20 ,93,4.000,-0.016
1.20 ,94,6.000,-0.095
1.20 ,95,8.000,-0.218
1.20 ,96,10.000,-0.358
1.20 ,97,12.000,-0.490
1.20 ,98,14.000,-0.594
1.20 ,99,16.000,-0.665
1.20 ,100,18.000,-0.706
1.20 ,101,20.000,-0.730
1.20 ,102,22.000,-0.755
1.20 ,103,24.000,-0.803
1.20 ,104,26.000,-0.890
1.20 ,105,28.000,-1.025
1.20 ,106,30.000,-1.209
1.20 ,107,32.000,-1.438
1.20 ,108,34.000,-1.701
1.20 ,109,36.000,-1.993
1.20 ,110,38.000,-2.314
1.20 ,111,40.000,-2.670
1.20 ,112,42.000,-3.074
1.20 ,113,44.000,-3.538
1.20 ,114,46.000,-4.076
1.20 ,115,48.000,-4.696
1.20 ,116,50.000,-5.402
1.20 ,117,52.000,-6.190
1.20 ,118,54.000,-7.037
1.20 ,119,56.000,-7.890
1.20 ,120,58.000,-8.669
1.20 ,121,60.000,-9.283
1.20 ,122,62.000,-9.687
1.20 ,123,64.000,-9.915
1.20 ,124,66.000,-10.065
1.20 ,125,68.000,-10.235
1.20 ,126,70.000,-10.494
1.20 ,127,72.000,-10.873
1.20 ,128,74.000,-11.376
1.20 ,129,76.000,-12.006
1.20 ,130,78.000,-12.776
1.20 ,131,80.000,-13.720
1.20 ,132,82.000,-14.885
1.20 ,133,84.000,-16.311
1.20 ,134,86.000,-17.992
1.20 ,135,88.000,-19.808
1.20 ,136,90.000,-21.432
1.20 ,137,92.000,-22.390
1.20 ,138,94.000,-22.455
1.20 ,139,96.000,-21.824
1.20 ,140,98.000,-20.789
1.20 ,141,100.000,-19.576
1.20 ,142,102.000,-18.394
1.20 ,143,104.000,-17.425
1.20 ,144,106.000,-16.797
1.20 ,145,108.000,-16.593
1.20 ,146,110.000,-16.869
1.20 ,147,112.000,-17.679
1.20 ,148,114.000,-19.095
1.20 ,149,116.000,-21.240
1.20 ,150,118.000,-24.376
1.20 ,151,120.000,-29.250
1.20 ,152,122.000,-39.827
1.20 ,153,124.000,-37.716
1.20 ,154,126.000,-28.978
1.20 ,155,128.000,-24.592
1.20 ,156,130.000,-21.624
1.20 ,157,132.000,-19.492
1.20 ,158,134.000,-18.016
1.20 ,159,136.000,-17.129
1.20 ,160,138.000,-16.801
1.20 ,161,140.000,-17.027
1.20 ,162,142.000,-17.819
1.20 ,163,144.000,-19.206
1.20 ,164,146.000,-21.240
1.20 ,165,148.000,-24.021
1.20 ,166,150.000,-27.779
1.20 ,167,152.000,-32.906
1.20 ,168,154.000,-34.594
1.20 ,169,156.000,-28.643
1.20 ,170,158.000,-23.825
1.20 ,171,160.000,-20.321
1.20 ,172,162.000,-17.719
1.20 ,173,164.000,-15.804
1.20 ,174,166.000,-14.451
1.20 ,175,168.000,-13.574
1.20 ,176,170.000,-13.103
1.20 ,177,172.000,-12.974
1.20 ,178,174.000,-13.114
1.20 ,179,176.000,-13.440
1.20 ,180,178.000,-13.846
1.20 ,181,180.000,-14.224
1.23 ,1,-180.000,-12.860
1.23 ,2,-178.000,-13.247
1.23 ,3,-176.000,-13.798
1.23 ,4,-174.000,-14.423
1.23 ,5,-172.000,-14.932
1.23 ,6,-170.000,-15.079
1.23 ,7,-168.000,-14.733
1.23 ,8,-166.000,-13.999
1.23 ,9,-164.000,-13.106
1.23 ,10,-162.000,-12.247
1.23 ,11,-160.000,-11.534
1.23 ,12,-158.000,-11.026
1.23 ,13,-156.000,-10.757
1.23 ,14,-154.000,-10.758
1.23 ,15,-152.000,-11.065
1.23 ,16,-150.000,-11.725
1.23 ,17,-148.000,-12.809
1.23 ,18,-146.000,-14.432
1.23 ,19,-144.000,-16.789
1.23 ,20,-142.000,-20.204
1.23 ,21,-140.000,-24.672
1.23 ,22,-138.000,-25.347
1.23 ,23,-136.000,-21.437
1.23 ,24,-134.000,-18.422
1.23 ,25,-132.000,-16.523
1.23 ,26,-130.000,-15.416
1.23 ,27,-128.000,-14.922
1.23 ,28,-126.000,-14.969
1.23 ,29,-124.000,-15.570
1.23 ,30,-122.000,-16.835
1.23 ,31,-120.000,-19.045
1.23 ,32,-118.000,-22.944
1.23 ,33,-116.000,-31.357
1.23 ,34,-114.000,-30.279
1.23 ,35,-112.000,-22.280
1.23 ,36,-110.000,-18.448
1.23 ,37,-108.000,-16.302
1.23 ,38,-106.000,-15.184
1.23 ,39,-104.000,-14.856
1.23 ,40,-102.000,-15.226
1.23 ,41,-100.000,-16.273
1.23 ,42,-98.000,-17.967
1.23 ,43,-96.000,-20.033
1.23 ,44,-94.000,-21.341
1.23 ,45,-92.000,-20.615
1.23 ,46,-90.000,-18.861
1.23 ,47,-88.000,-17.323
1.23 ,48,-86.000,-16.325
1.23 ,49,-84.000,-15.876
1.23 ,50,-82.000,-15.957
1.23 ,51,-80.000,-16.582
1.23 ,52,-78.000,-17.824
1.23 ,53,-76.000,-19.861
1.23 ,54,-74.000,-23.104
1.23 ,55,-72.000,-28.685
1.23 ,56,-70.000,-36.378
1.23 ,57,-68.000,-28.413
1.23 ,58,-66.000,-23.332
1.23 ,59,-64.000,-20.115
1.23 ,60,-62.000,-17.635
1.23 ,61,-60.000,-15.493
1.23 ,62,-58.000,-13.574
1.23 ,63,-56.000,-11.872
1.23 ,64,-54.000,-10.403
1.23 ,65,-52.000,-9.170
1.23 ,66,-50.000,-8.160
1.23 ,67,-48.000,-7.344
1.23 ,68,-46.000,-6.687
1.23 ,69,-44.000,-6.147
1.23 ,70,-42.000,-5.683
1.23 ,71,-40.000,-5.257
1.23 ,72,-38.000,-4.841
1.23 ,73,-36.000,-4.420
1.23 ,74,-34.000,-3.997
1.23 ,75,-32.000,-3.588
1.23 ,76,-30.000,-3.213
1.23 ,77,-28.000,-2.891
1.23 ,78,-26.000,-2.633
1.23 ,79,-24.000,-2.437
1.23 ,80,-22.000,-2.289
1.23 ,81,-20.000,-2.166
1.23 ,82,-18.000,-2.040
1.23 ,83,-16.000,-1.886
1.23 ,84,-14.000,-1.687
1.23 ,85,-12.000,-1.442
1.23 ,86,-10.000,-1.162
1.23 ,87,-8.000,-0.870
1.23 ,88,-6.000,-0.592
1.23 ,89,-4.000,-0.354
1.23 ,90,-2.000,-0.175
1.23 ,91,0.000,-0.065
1.23 ,92,2.000,-0.027
1.23 ,93,4.000,-0.054
1.23 ,94,6.000,-0.132
1.23 ,95,8.000,-0.243
1.23 ,96,10.000,-0.366
1.23 ,97,12.000,-0.485
1.23 ,98,14.000,-0.588
1.23 ,99,16.000,-0.674
1.23 ,100,18.000,-0.747
1.23 ,101,20.000,-0.820
1.23 ,102,22.000,-0.910
1.23 ,103,24.000,-1.033
1.23 ,104,26.000,-1.200
1.23 ,105,28.000,-1.418
1.23 ,106,30.000,-1.685
1.23 ,107,32.000,-1.994
1.23 ,108,34.000,-2.331
1.23 ,109,36.000,-2.682
1.23 ,110,38.000,-3.034
1.23 ,111,40.000,-3.381
1.23 ,112,42.000,-3.727
1.23 ,113,44.000,-4.085
1.23 ,114,46.000,-4.476
1.23 ,115,48.000,-4.927
1.23 ,116,50.000,-5.463
1.23 ,117,52.000,-6.106
1.23 ,118,54.000,-6.865
1.23 ,119,56.000,-7.732
1.23 ,120,58.000,-8.671
1.23 ,121,60.000,-9.617
1.23 ,122,62.000,-10.473
1.23 ,123,64.000,-11.146
1.23 ,124,66.000,-11.594
1.23 ,125,68.000,-11.849
1.23 ,126,70.000,-12.000
1.23 ,127,72.000,-12.151
1.23 ,128,74.000,-12.392
1.23 ,129,76.000,-12.797
1.23 ,130,78.000,-13.423
1.23 ,131,80.000,-14.315
1.23 ,132,82.000,-15.497
1.23 ,133,84.000,-16.969
1.23 ,134,86.000,-18.679
1.23 ,135,88.000,-20.488
1.23 ,136,90.000,-22.099
1.23 ,137,92.000,-23.013
1.23 ,138,94.000,-22.781
1.23 ,139,96.000,-21.558
1.23 ,140,98.000,-19.960
1.23 ,141,100.000,-18.475
1.23 ,142,102.000,-17.326
1.23 ,143,104.000,-16.589
1.23 ,144,106.000,-16.278
1.23 ,145,108.000,-16.378
1.23 ,146,110.000,-16.865
1.23 ,147,112.000,-17.725
1.23 ,148,114.000,-18.977
1.23 ,149,116.000,-20.733
1.23 ,150,118.000,-23.316
1.23 ,151,120.000,-27.654
1.23 ,152,122.000,-38.511
1.23 ,153,124.000,-33.691
1.23 ,154,126.000,-25.633
1.23 ,155,128.000,-21.787
1.23 ,156,130.000,-19.544
1.23 ,157,132.000,-18.257
1.23 ,158,134.000,-17.664
1.23 ,159,136.000,-17.626
1.23 ,160,138.000,-18.057
1.23 ,161,140.000,-18.896
1.23 ,162,142.000,-20.112
1.23 ,163,144.000,-21.735
1.23 ,164,146.000,-23.932
1.23 ,165,148.000,-27.181
1.23 ,166,150.000,-32.575
1.23 ,167,152.000,-34.366
1.23 ,168,154.000,-27.327
1.23 ,169,156.000,-22.690
1.23 ,170,158.000,-19.594
1.23 ,171,160.000,-17.405
1.23 ,172,162.000,-15.835
1.23 ,173,164.000,-14.721
1.23 ,174,166.000,-13.951
1.23 ,175,168.000,-13.432
1.23 ,176,170.000,-13.084
1.23 ,177,172.000,-12.846
1.23 ,178,174.000,-12.686
1.23 ,179,176.000,-12.612
1.23 ,180,178.000,-12.656
1.23 ,181,180.000,-12.860
1.25 ,1,-180.000,-13.972
1.25 ,2,-178.000,-14.419
1.25 ,3,-176.000,-14.674
1.25 ,4,-174.000,-14.642
1.25 ,5,-172.000,-14.291
1.25 ,6,-170.000,-13.667
1.25 ,7,-168.000,-12.877
1.25 ,8,-166.000,-12.034
1.25 ,9,-164.000,-11.236
1.25 ,10,-162.000,-10.553
1.25 ,11,-160.000,-10.036
1.25 ,12,-158.000,-9.725
1.25 ,13,-156.000,-9.655
1.25 ,14,-154.000,-9.862
1.25 ,15,-152.000,-10.392
1.25 ,16,-150.000,-11.312
1.25 ,17,-148.000,-12.726
1.25 ,18,-146.000,-14.806
1.25 ,19,-144.000,-17.820
1.25 ,20,-142.000,-21.719
1.25 ,21,-140.000,-22.651
1.25 ,22,-138.000,-19.005
1.25 ,23,-136.000,-15.815
1.25 ,24,-134.000,-13.682
1.25 ,25,-132.000,-12.357
1.25 ,26,-130.000,-11.673
1.25 ,27,-128.000,-11.558
1.25 ,28,-126.000,-12.006
1.25 ,29,-124.000,-13.076
1.25 ,30,-122.000,-14.929
1.25 ,31,-120.000,-17.932
1.25 ,32,-118.000,-22.955
1.25 ,33,-116.000,-28.557
1.25 ,34,-114.000,-22.807
1.25 ,35,-112.000,-18.353
1.25 ,36,-110.000,-15.835
1.25 ,37,-108.000,-14.442
1.25 ,38,-106.000,-13.840
1.25 ,39,-104.000,-13.878
1.25 ,40,-102.000,-14.480
1.25 ,41,-100.000,-15.558
1.25 ,42,-98.000,-16.869
1.25 ,43,-96.000,-17.776
1.25 ,44,-94.000,-17.534
1.25 ,45,-92.000,-16.359
1.25 ,46,-90.000,-15.049
1.25 ,47,-88.000,-14.053
1.25 ,48,-86.000,-13.497
1.25 ,49,-84.000,-13.397
1.25 ,50,-82.000,-13.752
1.25 ,51,-80.000,-14.569
1.25 ,52,-78.000,-15.889
1.25 ,53,-76.000,-17.812
1.25 ,54,-74.000,-20.586
1.25 ,55,-72.000,-24.906
1.25 ,56,-70.000,-34.011
1.25 ,57,-68.000,-35.019
1.25 ,58,-66.000,-25.173
1.25 ,59,-64.000,-20.576
1.25 ,60,-62.000,-17.495
1.25 ,61,-60.000,-15.154
1.25 ,62,-58.000,-13.271
1.25 ,63,-56.000,-11.717
1.25 ,64,-54.000,-10.419
1.25 ,65,-52.000,-9.327
1.25 ,66,-50.000,-8.400
1.25 ,67,-48.000,-7.605
1.25 ,68,-46.000,-6.911
1.25 ,69,-44.000,-6.293
1.25 ,70,-42.000,-5.733
1.25 ,71,-40.000,-5.220
1.25 ,72,-38.000,-4.749
1.25 ,73,-36.000,-4.317
1.25 ,74,-34.000,-3.921
1.25 ,75,-32.000,-3.558
1.25 ,76,-30.000,-3.224
1.25 ,77,-28.000,-2.911
1.25 ,78,-26.000,-2.612
1.25 ,79,-24.000,-2.321
1.25 ,80,-22.000,-2.037
1.25 ,81,-20.000,-1.759
1.25 ,82,-18.000,-1.490
1.25 ,83,-16.000,-1.238
1.25 ,84,-14.000,-1.007
1.25 ,85,-12.000,-0.804
1.25 ,86,-10.000,-0.629
1.25 ,87,-8.000,-0.484
1.25 ,88,-6.000,-0.363
1.25 ,89,-4.000,-0.265
1.25 ,90,-2.000,-0.184
1.25 ,91,0.000,-0.120
1.25 ,92,2.000,-0.073
1.25 ,93,4.000,-0.046
1.25 ,94,6.000,-0.044
1.25 ,95,8.000,-0.073
1.25 ,96,10.000,-0.138
1.25 ,97,12.000,-0.241
1.25 ,98,14.000,-0.383
1.25 ,99,16.000,-0.560
1.25 ,100,18.000,-0.767
1.25 ,101,20.000,-0.994
1.25 ,102,22.000,-1.233
1.25 ,103,24.000,-1.480
1.25 ,104,26.000,-1.729
1.25 ,105,28.000,-1.981
1.25 ,106,30.000,-2.238
1.25 ,107,32.000,-2.502
1.25 ,108,34.000,-2.774
1.25 ,109,36.000,-3.056
1.25 ,110,38.000,-3.345
1.25 ,111,40.000,-3.643
1.25 ,112,42.000,-3.952
1.25 ,113,44.000,-4.279
1.25 ,114,46.000,-4.638
1.25 ,115,48.000,-5.047
1.25 ,116,50.000,-5.528
1.25 ,117,52.000,-6.100
1.25 ,118,54.000,-6.779
1.25 ,119,56.000,-7.575
1.25 ,120,58.000,-8.478
1.25 ,121,60.000,-9.457
1.25 ,122,62.000,-10.445
1.25 ,123,64.000,-11.343
1.25 ,124,66.000,-12.045
1.25 ,125,68.000,-12.506
1.25 ,126,70.000,-12.774
1.25 ,127,72.000,-12.966
1.25 ,128,74.000,-13.205
1.25 ,129,76.000,-13.581
1.25 ,130,78.000,-14.149
1.25 ,131,80.000,-14.931
1.25 ,132,82.000,-15.929
1.25 ,133,84.000,-17.128
1.25 ,134,86.000,-18.493
1.25 ,135,88.000,-19.948
1.25 ,136,90.000,-21.334
1.25 ,137,92.000,-22.331
1.25 ,138,94.000,-22.537
1.25 ,139,96.000,-21.843
1.25 ,140,98.000,-20.595
1.25 ,141,100.000,-19.213
1.25 ,142,102.000,-17.949
1.25 ,143,104.000,-16.915
1.25 ,144,106.000,-16.162
1.25 ,145,108.000,-15.718
1.25 ,146,110.000,-15.608
1.25 ,147,112.000,-15.866
1.25 ,148,114.000,-16.542
1.25 ,149,116.000,-17.719
1.25 ,150,118.000,-19.540
1.25 ,151,120.000,-22.277
1.25 ,152,122.000,-26.362
1.25 ,153,124.000,-30.315
1.25 ,154,126.000,-27.150
1.25 ,155,128.000,-23.055
1.25 ,156,130.000,-20.359
1.25 ,157,132.000,-18.650
1.25 ,158,134.000,-17.656
1.25 ,159,136.000,-17.249
1.25 ,160,138.000,-17.389
1.25 ,161,140.000,-18.105
1.25 ,162,142.000,-19.508
1.25 ,163,144.000,-21.871
1.25 ,164,146.000,-25.934
1.25 ,165,148.000,-34.309
1.25 ,166,150.000,-31.997
1.25 ,167,152.000,-24.451
1.25 ,168,154.000,-20.401
1.25 ,169,156.000,-17.746
1.25 ,170,158.000,-15.853
1.25 ,171,160.000,-14.457
1.25 ,172,162.000,-13.432
1.25 ,173,164.000,-12.707
1.25 ,174,166.000,-12.241
1.25 ,175,168.000,-12.007
1.25 ,176,170.000,-11.983
1.25 ,177,172.000,-12.145
1.25 ,178,174.000,-12.468
1.25 ,179,176.000,-12.916
1.25 ,180,178.000,-13.440
1.25 ,181,180.000,-13.972
1.28 ,1,-180.000,-14.291
1.28 ,2,-178.000,-14.945
1.28 ,3,-176.000,-15.376
1.28 ,4,-174.000,-15.407
1.28 ,5,-172.000,-14.962
1.28 ,6,-170.000,-14.138
1.28 ,7,-168.000,-13.134
1.28 ,8,-166.000,-12.134
1.28 ,9,-164.000,-11.255
1.28 ,10,-162.000,-10.568
1.28 ,11,-160.000,-10.112
1.28 ,12,-158.000,-9.916
1.28 ,13,-156.000,-10.007
1.28 ,14,-154.000,-10.419
1.28 ,15,-152.000,-11.202
1.28 ,16,-150.000,-12.437
1.28 ,17,-148.000,-14.250
1.28 ,18,-146.000,-16.832
1.28 ,19,-144.000,-20.229
1.28 ,20,-142.000,-22.387
1.28 ,21,-140.000,-19.974
1.28 ,22,-138.000,-16.747
1.28 ,23,-136.000,-14.395
1.28 ,24,-134.000,-12.842
1.28 ,25,-132.000,-11.925
1.28 ,26,-130.000,-11.553
1.28 ,27,-128.000,-11.694
1.28 ,28,-126.000,-12.364
1.28 ,29,-124.000,-13.629
1.28 ,30,-122.000,-15.618
1.28 ,31,-120.000,-18.505
1.28 ,32,-118.000,-21.979
1.28 ,33,-116.000,-22.778
1.28 ,34,-114.000,-19.972
1.28 ,35,-112.000,-17.381
1.28 ,36,-110.000,-15.723
1.28 ,37,-108.000,-14.842
1.28 ,38,-106.000,-14.585
1.28 ,39,-104.000,-14.839
1.28 ,40,-102.000,-15.473
1.28 ,41,-100.000,-16.254
1.28 ,42,-98.000,-16.770
1.28 ,43,-96.000,-16.617
1.28 ,44,-94.000,-15.843
1.28 ,45,-92.000,-14.864
1.28 ,46,-90.000,-14.028
1.28 ,47,-88.000,-13.496
1.28 ,48,-86.000,-13.321
1.28 ,49,-84.000,-13.519
1.28 ,50,-82.000,-14.098
1.28 ,51,-80.000,-15.080
1.28 ,52,-78.000,-16.521
1.28 ,53,-76.000,-18.550
1.28 ,54,-74.000,-21.464
1.28 ,55,-72.000,-26.038
1.28 ,56,-70.000,-33.368
1.28 ,57,-68.000,-28.701
1.28 ,58,-66.000,-22.713
1.28 ,59,-64.000,-19.015
1.28 ,60,-62.000,-16.421
1.28 ,61,-60.000,-14.465
1.28 ,62,-58.000,-12.931
1.28 ,63,-56.000,-11.692
1.28 ,64,-54.000,-10.663
1.28 ,65,-52.000,-9.774
1.28 ,66,-50.000,-8.971
1.28 ,67,-48.000,-8.214
1.28 ,68,-46.000,-7.478
1.28 ,69,-44.000,-6.761
1.28 ,70,-42.000,-6.070
1.28 ,71,-40.000,-5.422
1.28 ,72,-38.000,-4.829
1.28 ,73,-36.000,-4.299
1.28 ,74,-34.000,-3.833
1.28 ,75,-32.000,-3.424
1.28 ,76,-30.000,-3.061
1.28 ,77,-28.000,-2.732
1.28 ,78,-26.000,-2.427
1.28 ,79,-24.000,-2.136
1.28 ,80,-22.000,-1.857
1.28 ,81,-20.000,-1.591
1.28 ,82,-18.000,-1.342
1.28 ,83,-16.000,-1.114
1.28 ,84,-14.000,-0.912
1.28 ,85,-12.000,-0.739
1.28 ,86,-10.000,-0.593
1.28 ,87,-8.000,-0.472
1.28 ,88,-6.000,-0.371
1.28 ,89,-4.000,-0.284
1.28 ,90,-2.000,-0.206
1.28 ,91,0.000,-0.138
1.28 ,92,2.000,-0.079
1.28 ,93,4.000,-0.035
1.28 ,94,6.000,-0.013
1.28 ,95,8.000,-0.024
1.28 ,96,10.000,-0.074
1.28 ,97,12.000,-0.172
1.28 ,98,14.000,-0.321
1.28 ,99,16.000,-0.521
1.28 ,100,18.000,-0.771
1.28 ,101,20.000,-1.062
1.28 ,102,22.000,-1.386
1.28 ,103,24.000,-1.733
1.28 ,104,26.000,-2.094
1.28 ,105,28.000,-2.459
1.28 ,106,30.000,-2.821
1.28 ,107,32.000,-3.176
1.28 ,108,34.000,-3.518
1.28 ,109,36.000,-3.842
1.28 ,110,38.000,-4.141
1.28 ,111,40.000,-4.412
1.28 ,112,42.000,-4.655
1.28 ,113,44.000,-4.879
1.28 ,114,46.000,-5.099
1.28 ,115,48.000,-5.340
1.28 ,116,50.000,-5.632
1.28 ,117,52.000,-6.008
1.28 ,118,54.000,-6.497
1.28 ,119,56.000,-7.126
1.28 ,120,58.000,-7.913
1.28 ,121,60.000,-8.864
1.28 ,122,62.000,-9.956
1.28 ,123,64.000,-11.124
1.28 ,124,66.000,-12.233
1.28 ,125,68.000,-13.102
1.28 ,126,70.000,-13.600
1.28 ,127,72.000,-13.761
1.28 ,128,74.000,-13.761
1.28 ,129,76.000,-13.791
1.28 ,130,78.000,-13.983
1.28 ,131,80.000,-14.412
1.28 ,132,82.000,-15.114
1.28 ,133,84.000,-16.110
1.28 ,134,86.000,-17.403
1.28 ,135,88.000,-18.980
1.28 ,136,90.000,-20.775
1.28 ,137,92.000,-22.605
1.28 ,138,94.000,-24.073
1.28 ,139,96.000,-24.653
1.28 ,140,98.000,-24.156
1.28 ,141,100.000,-22.929
1.28 ,142,102.000,-21.419
1.28 ,143,104.000,-19.916
1.28 ,144,106.000,-18.576
1.28 ,145,108.000,-17.485
1.28 ,146,110.000,-16.690
1.28 ,147,112.000,-16.220
1.28 ,148,114.000,-16.098
1.28 ,149,116.000,-16.358
1.28 ,150,118.000,-17.052
1.28 ,151,120.000,-18.272
1.28 ,152,122.000,-20.195
1.28 ,153,124.000,-23.186
1.28 ,154,126.000,-28.087
1.28 ,155,128.000,-34.124
1.28 ,156,130.000,-28.762
1.28 ,157,132.000,-24.156
1.28 ,158,134.000,-21.572
1.28 ,159,136.000,-20.171
1.28 ,160,138.000,-19.619
1.28 ,161,140.000,-19.804
1.28 ,162,142.000,-20.755
1.28 ,163,144.000,-22.668
1.28 ,164,146.000,-26.071
1.28 ,165,148.000,-31.734
1.28 ,166,150.000,-30.091
1.28 ,167,152.000,-23.893
1.28 ,168,154.000,-19.899
1.28 ,169,156.000,-17.168
1.28 ,170,158.000,-15.202
1.28 ,171,160.000,-13.770
1.28 ,172,162.000,-12.749
1.28 ,173,164.000,-12.064
1.28 ,174,166.000,-11.668
1.28 ,175,168.000,-11.524
1.28 ,176,170.000,-11.601
1.28 ,177,172.000,-11.873
1.28 ,178,174.000,-12.313
1.28 ,179,176.000,-12.892
1.28 ,180,178.000,-13.572
1.28 ,181,180.000,-14.291
1.30 ,1,-180.000,-15.639
1.30 ,2,-178.000,-16.603
1.30 ,3,-176.000,-17.379
1.30 ,4,-174.000,-17.645
1.30 ,5,-172.000,-17.196
1.30 ,6,-170.000,-16.189
1.30 ,7,-168.000,-14.968
1.30 ,8,-166.000,-13.802
1.30 ,9,-164.000,-12.827
1.30 ,10,-162.000,-12.102
1.30 ,11,-160.000,-11.653
1.30 ,12,-158.000,-11.503
1.30 ,13,-156.000,-11.673
1.30 ,14,-154.000,-12.205
1.30 ,15,-152.000,-13.164
1.30 ,16,-150.000,-14.667
1.30 ,17,-148.000,-16.937
1.30 ,18,-146.000,-20.424
1.30 ,19,-144.000,-25.721
1.30 ,20,-142.000,-26.522
1.30 ,21,-140.000,-21.149
1.30 ,22,-138.000,-17.514
1.30 ,23,-136.000,-15.223
1.30 ,24,-134.000,-13.796
1.30 ,25,-132.000,-13.011
1.30 ,26,-130.000,-12.769
1.30 ,27,-128.000,-13.040
1.30 ,28,-126.000,-13.846
1.30 ,29,-124.000,-15.259
1.30 ,30,-122.000,-17.399
1.30 ,31,-120.000,-20.332
1.30 ,32,-118.000,-23.061
1.30 ,33,-116.000,-22.336
1.30 ,34,-114.000,-19.529
1.30 ,35,-112.000,-17.216
1.30 ,36,-110.000,-15.679
1.30 ,37,-108.000,-14.775
1.30 ,38,-106.000,-14.374
1.30 ,39,-104.000,-14.370
1.30 ,40,-102.000,-14.657
1.30 ,41,-100.000,-15.100
1.30 ,42,-98.000,-15.514
1.30 ,43,-96.000,-15.710
1.30 ,44,-94.000,-15.597
1.30 ,45,-92.000,-15.257
1.30 ,46,-90.000,-14.868
1.30 ,47,-88.000,-14.597
1.30 ,48,-86.000,-14.559
1.30 ,49,-84.000,-14.830
1.30 ,50,-82.000,-15.480
1.30 ,51,-80.000,-16.597
1.30 ,52,-78.000,-18.334
1.30 ,53,-76.000,-21.001
1.30 ,54,-74.000,-25.319
1.30 ,55,-72.000,-31.833
1.30 ,56,-70.000,-27.803
1.30 ,57,-68.000,-22.210
1.30 ,58,-66.000,-18.761
1.30 ,59,-64.000,-16.427
1.30 ,60,-62.000,-14.749
1.30 ,61,-60.000,-13.492
1.30 ,62,-58.000,-12.504
1.30 ,63,-56.000,-11.670
1.30 ,64,-54.000,-10.895
1.30 ,65,-52.000,-10.105
1.30 ,66,-50.000,-9.263
1.30 ,67,-48.000,-8.375
1.30 ,68,-46.000,-7.472
1.30 ,69,-44.000,-6.598
1.30 ,70,-42.000,-5.790
1.30 ,71,-40.000,-5.071
1.30 ,72,-38.000,-4.453
1.30 ,73,-36.000,-3.933
1.30 ,74,-34.000,-3.501
1.30 ,75,-32.000,-3.142
1.30 ,76,-30.000,-2.838
1.30 ,77,-28.000,-2.572
1.30 ,78,-26.000,-2.329
1.30 ,79,-24.000,-2.096
1.30 ,80,-22.000,-1.869
1.30 ,81,-20.000,-1.645
1.30 ,82,-18.000,-1.427
1.30 ,83,-16.000,-1.218
1.30 ,84,-14.000,-1.023
1.30 ,85,-12.000,-0.844
1.30 ,86,-10.000,-0.683
1.30 ,87,-8.000,-0.540
1.30 ,88,-6.000,-0.414
1.30 ,89,-4.000,-0.303
1.30 ,90,-2.000,-0.207
1.30 ,91,0.000,-0.126
1.30 ,92,2.000,-0.065
1.30 ,93,4.000,-0.026
1.30 ,94,6.000,-0.017
1.30 ,95,8.000,-0.041
1.30 ,96,10.000,-0.106
1.30 ,97,12.000,-0.215
1.30 ,98,14.000,-0.369
1.30 ,99,16.000,-0.567
1.30 ,100,18.000,-0.805
1.30 ,101,20.000,-1.077
1.30 ,102,22.000,-1.377
1.30 ,103,24.000,-1.699
1.30 ,104,26.000,-2.038
1.30 ,105,28.000,-2.391
1.30 ,106,30.000,-2.759
1.30 ,107,32.000,-3.143
1.30 ,108,34.000,-3.543
1.30 ,109,36.000,-3.957
1.30 ,110,38.000,-4.378
1.30 ,111,40.000,-4.796
1.30 ,112,42.000,-5.195
1.30 ,113,44.000,-5.561
1.30 ,114,46.000,-5.886
1.30 ,115,48.000,-6.176
1.30 ,116,50.000,-6.449
1.30 ,117,52.000,-6.734
1.30 ,118,54.000,-7.066
1.30 ,119,56.000,-7.480
1.30 ,120,58.000,-8.003
1.30 ,121,60.000,-8.652
1.30 ,122,62.000,-9.429
1.30 ,123,64.000,-10.313
1.30 ,124,66.000,-11.251
1.30 ,125,68.000,-12.153
1.30 ,126,70.000,-12.908
1.30 ,127,72.000,-13.438
1.30 ,128,74.000,-13.750
1.30 ,129,76.000,-13.944
1.30 ,130,78.000,-14.151
1.30 ,131,80.000,-14.489
1.30 ,132,82.000,-15.044
1.30 ,133,84.000,-15.870
1.30 ,134,86.000,-16.999
1.30 ,135,88.000,-18.433
1.30 ,136,90.000,-20.117
1.30 ,137,92.000,-21.889
1.30 ,138,94.000,-23.450
1.30 ,139,96.000,-24.520
1.30 ,140,98.000,-25.111
1.30 ,141,100.000,-25.427
1.30 ,142,102.000,-25.476
1.30 ,143,104.000,-24.962
1.30 ,144,106.000,-23.710
1.30 ,145,108.000,-22.027
1.30 ,146,110.000,-20.360
1.30 ,147,112.000,-18.971
1.30 ,148,114.000,-17.961
1.30 ,149,116.000,-17.364
1.30 ,150,118.000,-17.199
1.30 ,151,120.000,-17.497
1.30 ,152,122.000,-18.319
1.30 ,153,124.000,-19.784
1.30 ,154,126.000,-22.137
1.30 ,155,128.000,-25.974
1.30 ,156,130.000,-33.298
1.30 ,157,132.000,-37.630
1.30 ,158,134.000,-28.705
1.30 ,159,136.000,-24.821
1.30 ,160,138.000,-22.872
1.30 ,161,140.000,-22.070
1.30 ,162,142.000,-22.185
1.30 ,163,144.000,-23.236
1.30 ,164,146.000,-25.460
1.30 ,165,148.000,-29.157
1.30 ,166,150.000,-30.644
1.30 ,167,152.000,-25.733
1.30 ,168,154.000,-21.457
1.30 ,169,156.000,-18.459
1.30 ,170,158.000,-16.316
1.30 ,171,160.000,-14.771
1.30 ,172,162.000,-13.682
1.30 ,173,164.000,-12.959
1.30 ,174,166.000,-12.543
1.30 ,175,168.000,-12.390
1.30 ,176,170.000,-12.469
1.30 ,177,172.000,-12.756
1.30 ,178,174.000,-13.232
1.30 ,179,176.000,-13.886
1.30 ,180,178.000,-14.701
1.30 ,181,180.000,-15.639
